/*
Navicat Oracle Data Transfer
Oracle Client Version : 12.1.0.2.0

Source Server         : 172.18.11.27.demo
Source Server Version : 110200
Source Host           : 172.18.11.27:1521
Source Schema         : TRADE_GNNT

Target Server Type    : ORACLE
Target Server Version : 110200
File Encoding         : 65001

Date: 2015-11-09 01:50:09
*/


-- ----------------------------
-- Table structure for E_ARBITRATION
-- ----------------------------
DROP TABLE "TRADE_GNNT"."E_ARBITRATION";
CREATE TABLE "TRADE_GNNT"."E_ARBITRATION" (
"ARBITRATIONID" NUMBER(10) NOT NULL ,
"TRADENO" NUMBER(15) NOT NULL ,
"TYPE" NUMBER(1) NOT NULL ,
"APPLY" VARCHAR2(4000 BYTE) NULL ,
"APPLYTIME" DATE NULL ,
"APPLICANT" VARCHAR2(16 BYTE) NULL ,
"RECIPIENT" VARCHAR2(16 BYTE) NULL ,
"RESULT" NUMBER(1) DEFAULT 0  NOT NULL ,
"PROCESSNOTE" VARCHAR2(1000 BYTE) NULL ,
"PROCESSTIME" DATE NULL ,
"PROCESSUSER" VARCHAR2(32 BYTE) NULL 
)
LOGGING
NOCOMPRESS
NOCACHE

;
COMMENT ON COLUMN "TRADE_GNNT"."E_ARBITRATION"."TYPE" IS '1 退货 2 退款 3 投诉';
COMMENT ON COLUMN "TRADE_GNNT"."E_ARBITRATION"."RESULT" IS '0 未处理 1 已处理';
COMMENT ON COLUMN "TRADE_GNNT"."E_ARBITRATION"."PROCESSNOTE" IS '处理说明';
COMMENT ON COLUMN "TRADE_GNNT"."E_ARBITRATION"."PROCESSTIME" IS '处理时间';
COMMENT ON COLUMN "TRADE_GNNT"."E_ARBITRATION"."PROCESSUSER" IS '管理员Id';

-- ----------------------------
-- Records of E_ARBITRATION
-- ----------------------------

-- ----------------------------
-- Table structure for E_BREACHAPPLY
-- ----------------------------
DROP TABLE "TRADE_GNNT"."E_BREACHAPPLY";
CREATE TABLE "TRADE_GNNT"."E_BREACHAPPLY" (
"BREACHAPPLYID" NUMBER(10) NOT NULL ,
"TRADENO" NUMBER(15) NOT NULL ,
"FIRMID" VARCHAR2(32 BYTE) NOT NULL ,
"APPLYTIME" DATE NULL ,
"DELAYTIME" NUMBER(10) DEFAULT 0  NULL ,
"PROCESSTIME" DATE NULL ,
"STATUS" NUMBER(1) DEFAULT 0  NOT NULL 
)
LOGGING
NOCOMPRESS
NOCACHE

;
COMMENT ON COLUMN "TRADE_GNNT"."E_BREACHAPPLY"."STATUS" IS '0：未处理 1：已撤销 2：违约方满足条件撤销 3：违约处理';

-- ----------------------------
-- Records of E_BREACHAPPLY
-- ----------------------------
INSERT INTO "TRADE_GNNT"."E_BREACHAPPLY" VALUES ('1000000', '1504241000011', '50500000100', TO_DATE('2015-08-18 15:30:12', 'YYYY-MM-DD HH24:MI:SS'), '0', TO_DATE('2015-08-18 15:31:11', 'YYYY-MM-DD HH24:MI:SS'), '1');
INSERT INTO "TRADE_GNNT"."E_BREACHAPPLY" VALUES ('1000001', '1504241000011', '50500000100', TO_DATE('2015-08-18 15:36:44', 'YYYY-MM-DD HH24:MI:SS'), '3600', null, '0');

-- ----------------------------
-- Table structure for E_DELIVERYFEE
-- ----------------------------
DROP TABLE "TRADE_GNNT"."E_DELIVERYFEE";
CREATE TABLE "TRADE_GNNT"."E_DELIVERYFEE" (
"DELIVERYFEEID" NUMBER(10) NOT NULL ,
"FIRMID" VARCHAR2(32 BYTE) NULL ,
"CATEGORYID" NUMBER(10) NULL ,
"FEEMODE" NUMBER(1) NOT NULL ,
"RATE" NUMBER(15,5) NOT NULL 
)
LOGGING
NOCOMPRESS
NOCACHE

;
COMMENT ON COLUMN "TRADE_GNNT"."E_DELIVERYFEE"."FEEMODE" IS '手续费算法：1 固定值 2 百分比';
COMMENT ON COLUMN "TRADE_GNNT"."E_DELIVERYFEE"."RATE" IS '手续费率';

-- ----------------------------
-- Records of E_DELIVERYFEE
-- ----------------------------

-- ----------------------------
-- Table structure for E_DELIVERYMARGIN
-- ----------------------------
DROP TABLE "TRADE_GNNT"."E_DELIVERYMARGIN";
CREATE TABLE "TRADE_GNNT"."E_DELIVERYMARGIN" (
"DELIVERYMARGINID" NUMBER(10) NOT NULL ,
"FIRMID" VARCHAR2(32 BYTE) NULL ,
"CATEGORYID" NUMBER(10) NULL ,
"MARGINMODE" NUMBER(1) NOT NULL ,
"RATE" NUMBER(15,5) NOT NULL 
)
LOGGING
NOCOMPRESS
NOCACHE

;
COMMENT ON COLUMN "TRADE_GNNT"."E_DELIVERYMARGIN"."MARGINMODE" IS '手续费算法：1 固定值 2 百分比';
COMMENT ON COLUMN "TRADE_GNNT"."E_DELIVERYMARGIN"."RATE" IS '手续费率';

-- ----------------------------
-- Records of E_DELIVERYMARGIN
-- ----------------------------

-- ----------------------------
-- Table structure for E_ENDTRADEAPPLY
-- ----------------------------
DROP TABLE "TRADE_GNNT"."E_ENDTRADEAPPLY";
CREATE TABLE "TRADE_GNNT"."E_ENDTRADEAPPLY" (
"APPLYID" NUMBER(10) NOT NULL ,
"TRADENO" NUMBER(15) NOT NULL ,
"FIRMID" VARCHAR2(32 BYTE) NOT NULL ,
"STATUS" NUMBER(1) NOT NULL ,
"APPLYTIME" DATE NULL ,
"PROCESSTIME" DATE NULL 
)
LOGGING
NOCOMPRESS
NOCACHE

;
COMMENT ON COLUMN "TRADE_GNNT"."E_ENDTRADEAPPLY"."STATUS" IS '0：未处理 1：已撤销 2：已处理';

-- ----------------------------
-- Records of E_ENDTRADEAPPLY
-- ----------------------------

-- ----------------------------
-- Table structure for E_FIRM
-- ----------------------------
DROP TABLE "TRADE_GNNT"."E_FIRM";
CREATE TABLE "TRADE_GNNT"."E_FIRM" (
"FIRMID" VARCHAR2(32 BYTE) NOT NULL ,
"FIRMLEVEL" NUMBER(2) NOT NULL ,
"CREATETIME" DATE NULL 
)
LOGGING
NOCOMPRESS
NOCACHE

;

-- ----------------------------
-- Records of E_FIRM
-- ----------------------------
INSERT INTO "TRADE_GNNT"."E_FIRM" VALUES ('test66', '1', TO_DATE('2015-03-05 17:27:34', 'YYYY-MM-DD HH24:MI:SS'));
INSERT INTO "TRADE_GNNT"."E_FIRM" VALUES ('608000123', '1', TO_DATE('2015-03-24 15:42:52', 'YYYY-MM-DD HH24:MI:SS'));
INSERT INTO "TRADE_GNNT"."E_FIRM" VALUES ('xh005', '1', TO_DATE('2015-04-01 10:50:53', 'YYYY-MM-DD HH24:MI:SS'));
INSERT INTO "TRADE_GNNT"."E_FIRM" VALUES ('xh009', '1', TO_DATE('2015-04-01 11:05:35', 'YYYY-MM-DD HH24:MI:SS'));
INSERT INTO "TRADE_GNNT"."E_FIRM" VALUES ('Shimo004', '1', TO_DATE('2015-04-13 09:32:12', 'YYYY-MM-DD HH24:MI:SS'));
INSERT INTO "TRADE_GNNT"."E_FIRM" VALUES ('Shimo005', '1', TO_DATE('2015-04-13 09:33:50', 'YYYY-MM-DD HH24:MI:SS'));
INSERT INTO "TRADE_GNNT"."E_FIRM" VALUES ('xh012', '1', TO_DATE('2015-04-24 12:41:37', 'YYYY-MM-DD HH24:MI:SS'));
INSERT INTO "TRADE_GNNT"."E_FIRM" VALUES ('xh013', '1', TO_DATE('2015-04-24 13:45:28', 'YYYY-MM-DD HH24:MI:SS'));
INSERT INTO "TRADE_GNNT"."E_FIRM" VALUES ('60600000180', '1', TO_DATE('2015-06-05 15:14:07', 'YYYY-MM-DD HH24:MI:SS'));
INSERT INTO "TRADE_GNNT"."E_FIRM" VALUES ('601002022', '1', TO_DATE('2015-06-08 09:53:13', 'YYYY-MM-DD HH24:MI:SS'));
INSERT INTO "TRADE_GNNT"."E_FIRM" VALUES ('00021034', '1', TO_DATE('2015-06-08 10:07:44', 'YYYY-MM-DD HH24:MI:SS'));
INSERT INTO "TRADE_GNNT"."E_FIRM" VALUES ('112', '1', TO_DATE('2015-06-08 10:33:38', 'YYYY-MM-DD HH24:MI:SS'));
INSERT INTO "TRADE_GNNT"."E_FIRM" VALUES ('60600000111', '1', TO_DATE('2015-06-08 17:04:58', 'YYYY-MM-DD HH24:MI:SS'));
INSERT INTO "TRADE_GNNT"."E_FIRM" VALUES ('606010001', '1', TO_DATE('2015-06-10 11:44:46', 'YYYY-MM-DD HH24:MI:SS'));
INSERT INTO "TRADE_GNNT"."E_FIRM" VALUES ('606010004', '1', TO_DATE('2015-06-15 13:58:34', 'YYYY-MM-DD HH24:MI:SS'));
INSERT INTO "TRADE_GNNT"."E_FIRM" VALUES ('gnnt12001', '1', TO_DATE('2015-06-15 14:38:46', 'YYYY-MM-DD HH24:MI:SS'));
INSERT INTO "TRADE_GNNT"."E_FIRM" VALUES ('606010006', '1', TO_DATE('2015-06-15 14:41:43', 'YYYY-MM-DD HH24:MI:SS'));
INSERT INTO "TRADE_GNNT"."E_FIRM" VALUES ('606010008', '1', TO_DATE('2015-06-15 16:25:02', 'YYYY-MM-DD HH24:MI:SS'));
INSERT INTO "TRADE_GNNT"."E_FIRM" VALUES ('606010010', '1', TO_DATE('2015-06-16 13:40:30', 'YYYY-MM-DD HH24:MI:SS'));
INSERT INTO "TRADE_GNNT"."E_FIRM" VALUES ('HMR01', '1', TO_DATE('2015-06-25 13:09:33', 'YYYY-MM-DD HH24:MI:SS'));
INSERT INTO "TRADE_GNNT"."E_FIRM" VALUES ('gnnt023', '1', TO_DATE('2015-07-03 14:59:38', 'YYYY-MM-DD HH24:MI:SS'));
INSERT INTO "TRADE_GNNT"."E_FIRM" VALUES ('gnnt01001', '1', TO_DATE('2015-07-03 17:17:36', 'YYYY-MM-DD HH24:MI:SS'));
INSERT INTO "TRADE_GNNT"."E_FIRM" VALUES ('gnnt01002', '1', TO_DATE('2015-07-06 07:39:03', 'YYYY-MM-DD HH24:MI:SS'));
INSERT INTO "TRADE_GNNT"."E_FIRM" VALUES ('606000016', '1', TO_DATE('2015-07-07 09:03:30', 'YYYY-MM-DD HH24:MI:SS'));
INSERT INTO "TRADE_GNNT"."E_FIRM" VALUES ('606000020', '1', TO_DATE('2015-07-07 09:05:17', 'YYYY-MM-DD HH24:MI:SS'));
INSERT INTO "TRADE_GNNT"."E_FIRM" VALUES ('gnnt09005', '1', TO_DATE('2015-07-07 09:05:40', 'YYYY-MM-DD HH24:MI:SS'));
INSERT INTO "TRADE_GNNT"."E_FIRM" VALUES ('gnnt09006', '1', TO_DATE('2015-07-07 09:06:01', 'YYYY-MM-DD HH24:MI:SS'));
INSERT INTO "TRADE_GNNT"."E_FIRM" VALUES ('gnnt09007', '1', TO_DATE('2015-07-07 09:06:31', 'YYYY-MM-DD HH24:MI:SS'));
INSERT INTO "TRADE_GNNT"."E_FIRM" VALUES ('000200006', '1', TO_DATE('2015-07-07 09:08:04', 'YYYY-MM-DD HH24:MI:SS'));
INSERT INTO "TRADE_GNNT"."E_FIRM" VALUES ('607000004', '1', TO_DATE('2015-07-08 09:21:15', 'YYYY-MM-DD HH24:MI:SS'));
INSERT INTO "TRADE_GNNT"."E_FIRM" VALUES ('607000005', '1', TO_DATE('2015-07-08 10:46:05', 'YYYY-MM-DD HH24:MI:SS'));
INSERT INTO "TRADE_GNNT"."E_FIRM" VALUES ('618000000', '1', TO_DATE('2015-07-22 09:57:50', 'YYYY-MM-DD HH24:MI:SS'));
INSERT INTO "TRADE_GNNT"."E_FIRM" VALUES ('ceshi', '1', TO_DATE('2015-08-20 14:20:56', 'YYYY-MM-DD HH24:MI:SS'));
INSERT INTO "TRADE_GNNT"."E_FIRM" VALUES ('607000011', '1', TO_DATE('2015-09-01 16:05:39', 'YYYY-MM-DD HH24:MI:SS'));
INSERT INTO "TRADE_GNNT"."E_FIRM" VALUES ('000200008', '1', TO_DATE('2015-09-21 12:54:26', 'YYYY-MM-DD HH24:MI:SS'));
INSERT INTO "TRADE_GNNT"."E_FIRM" VALUES ('607000021', '1', TO_DATE('2015-09-21 13:18:21', 'YYYY-MM-DD HH24:MI:SS'));
INSERT INTO "TRADE_GNNT"."E_FIRM" VALUES ('607000024', '1', TO_DATE('2015-09-23 09:42:03', 'YYYY-MM-DD HH24:MI:SS'));
INSERT INTO "TRADE_GNNT"."E_FIRM" VALUES ('607000025', '1', TO_DATE('2015-09-23 09:42:38', 'YYYY-MM-DD HH24:MI:SS'));
INSERT INTO "TRADE_GNNT"."E_FIRM" VALUES ('606000024', '1', TO_DATE('2015-09-23 09:43:14', 'YYYY-MM-DD HH24:MI:SS'));
INSERT INTO "TRADE_GNNT"."E_FIRM" VALUES ('607000026', '1', TO_DATE('2015-09-23 09:44:20', 'YYYY-MM-DD HH24:MI:SS'));
INSERT INTO "TRADE_GNNT"."E_FIRM" VALUES ('607000027', '1', TO_DATE('2015-09-23 09:44:57', 'YYYY-MM-DD HH24:MI:SS'));
INSERT INTO "TRADE_GNNT"."E_FIRM" VALUES ('607000028', '1', TO_DATE('2015-09-23 09:52:21', 'YYYY-MM-DD HH24:MI:SS'));
INSERT INTO "TRADE_GNNT"."E_FIRM" VALUES ('607000029', '1', TO_DATE('2015-09-23 09:52:47', 'YYYY-MM-DD HH24:MI:SS'));
INSERT INTO "TRADE_GNNT"."E_FIRM" VALUES ('606000026', '1', TO_DATE('2015-10-12 11:05:03', 'YYYY-MM-DD HH24:MI:SS'));
INSERT INTO "TRADE_GNNT"."E_FIRM" VALUES ('606000027', '1', TO_DATE('2015-10-12 11:11:25', 'YYYY-MM-DD HH24:MI:SS'));
INSERT INTO "TRADE_GNNT"."E_FIRM" VALUES ('606000029', '1', TO_DATE('2015-10-12 11:16:25', 'YYYY-MM-DD HH24:MI:SS'));
INSERT INTO "TRADE_GNNT"."E_FIRM" VALUES ('07280001', '1', TO_DATE('2015-11-05 16:07:05', 'YYYY-MM-DD HH24:MI:SS'));
INSERT INTO "TRADE_GNNT"."E_FIRM" VALUES ('07280003', '1', TO_DATE('2015-11-05 16:33:49', 'YYYY-MM-DD HH24:MI:SS'));
INSERT INTO "TRADE_GNNT"."E_FIRM" VALUES ('07280004', '1', TO_DATE('2015-11-05 16:35:19', 'YYYY-MM-DD HH24:MI:SS'));
INSERT INTO "TRADE_GNNT"."E_FIRM" VALUES ('07280005', '1', TO_DATE('2015-11-05 16:36:19', 'YYYY-MM-DD HH24:MI:SS'));
INSERT INTO "TRADE_GNNT"."E_FIRM" VALUES ('07280008', '1', TO_DATE('2015-11-05 16:39:10', 'YYYY-MM-DD HH24:MI:SS'));
INSERT INTO "TRADE_GNNT"."E_FIRM" VALUES ('07280009', '1', TO_DATE('2015-11-05 16:40:00', 'YYYY-MM-DD HH24:MI:SS'));
INSERT INTO "TRADE_GNNT"."E_FIRM" VALUES ('07280011', '1', TO_DATE('2015-11-05 16:41:28', 'YYYY-MM-DD HH24:MI:SS'));
INSERT INTO "TRADE_GNNT"."E_FIRM" VALUES ('07280012', '1', TO_DATE('2015-11-05 16:42:11', 'YYYY-MM-DD HH24:MI:SS'));
INSERT INTO "TRADE_GNNT"."E_FIRM" VALUES ('07280013', '1', TO_DATE('2015-11-05 16:42:53', 'YYYY-MM-DD HH24:MI:SS'));
INSERT INTO "TRADE_GNNT"."E_FIRM" VALUES ('07280015', '1', TO_DATE('2015-11-05 16:44:24', 'YYYY-MM-DD HH24:MI:SS'));
INSERT INTO "TRADE_GNNT"."E_FIRM" VALUES ('07280016', '1', TO_DATE('2015-11-05 16:45:15', 'YYYY-MM-DD HH24:MI:SS'));
INSERT INTO "TRADE_GNNT"."E_FIRM" VALUES ('07280020', '1', TO_DATE('2015-11-05 16:48:09', 'YYYY-MM-DD HH24:MI:SS'));
INSERT INTO "TRADE_GNNT"."E_FIRM" VALUES ('608000333', '1', TO_DATE('2015-03-25 11:00:41', 'YYYY-MM-DD HH24:MI:SS'));
INSERT INTO "TRADE_GNNT"."E_FIRM" VALUES ('xh001', '1', TO_DATE('2015-04-01 10:14:04', 'YYYY-MM-DD HH24:MI:SS'));
INSERT INTO "TRADE_GNNT"."E_FIRM" VALUES ('xh006', '1', TO_DATE('2015-04-01 10:54:13', 'YYYY-MM-DD HH24:MI:SS'));
INSERT INTO "TRADE_GNNT"."E_FIRM" VALUES ('Shimo001', '1', TO_DATE('2015-04-10 14:33:53', 'YYYY-MM-DD HH24:MI:SS'));
INSERT INTO "TRADE_GNNT"."E_FIRM" VALUES ('Shimo002', '1', TO_DATE('2015-04-13 09:28:15', 'YYYY-MM-DD HH24:MI:SS'));
INSERT INTO "TRADE_GNNT"."E_FIRM" VALUES ('Shimo003', '1', TO_DATE('2015-04-13 09:30:43', 'YYYY-MM-DD HH24:MI:SS'));
INSERT INTO "TRADE_GNNT"."E_FIRM" VALUES ('50500000100', '1', TO_DATE('2015-04-24 13:54:40', 'YYYY-MM-DD HH24:MI:SS'));
INSERT INTO "TRADE_GNNT"."E_FIRM" VALUES ('60600000110', '1', TO_DATE('2015-06-02 10:04:14', 'YYYY-MM-DD HH24:MI:SS'));
INSERT INTO "TRADE_GNNT"."E_FIRM" VALUES ('gnnt07', '1', TO_DATE('2015-06-02 10:54:45', 'YYYY-MM-DD HH24:MI:SS'));
INSERT INTO "TRADE_GNNT"."E_FIRM" VALUES ('606000001', '1', TO_DATE('2015-06-05 16:14:28', 'YYYY-MM-DD HH24:MI:SS'));
INSERT INTO "TRADE_GNNT"."E_FIRM" VALUES ('606000002', '1', TO_DATE('2015-06-05 16:20:08', 'YYYY-MM-DD HH24:MI:SS'));
INSERT INTO "TRADE_GNNT"."E_FIRM" VALUES ('606010000', '1', TO_DATE('2015-06-09 13:28:06', 'YYYY-MM-DD HH24:MI:SS'));
INSERT INTO "TRADE_GNNT"."E_FIRM" VALUES ('606000008', '1', TO_DATE('2015-06-11 09:14:05', 'YYYY-MM-DD HH24:MI:SS'));
INSERT INTO "TRADE_GNNT"."E_FIRM" VALUES ('606010009', '1', TO_DATE('2015-06-15 16:36:10', 'YYYY-MM-DD HH24:MI:SS'));
INSERT INTO "TRADE_GNNT"."E_FIRM" VALUES ('000210341', '1', TO_DATE('2015-06-15 16:45:40', 'YYYY-MM-DD HH24:MI:SS'));
INSERT INTO "TRADE_GNNT"."E_FIRM" VALUES ('gnnt09002', '1', TO_DATE('2015-06-18 11:02:55', 'YYYY-MM-DD HH24:MI:SS'));
INSERT INTO "TRADE_GNNT"."E_FIRM" VALUES ('606000012', '1', TO_DATE('2015-07-02 10:59:15', 'YYYY-MM-DD HH24:MI:SS'));
INSERT INTO "TRADE_GNNT"."E_FIRM" VALUES ('606000013', '1', TO_DATE('2015-07-02 19:33:04', 'YYYY-MM-DD HH24:MI:SS'));
INSERT INTO "TRADE_GNNT"."E_FIRM" VALUES ('606010013', '1', TO_DATE('2015-07-06 09:36:25', 'YYYY-MM-DD HH24:MI:SS'));
INSERT INTO "TRADE_GNNT"."E_FIRM" VALUES ('606000014', '1', TO_DATE('2015-07-06 09:36:51', 'YYYY-MM-DD HH24:MI:SS'));
INSERT INTO "TRADE_GNNT"."E_FIRM" VALUES ('607000001', '1', TO_DATE('2015-07-06 09:44:07', 'YYYY-MM-DD HH24:MI:SS'));
INSERT INTO "TRADE_GNNT"."E_FIRM" VALUES ('607020001', '1', TO_DATE('2015-07-06 09:44:54', 'YYYY-MM-DD HH24:MI:SS'));
INSERT INTO "TRADE_GNNT"."E_FIRM" VALUES ('607000002', '1', TO_DATE('2015-07-06 09:55:49', 'YYYY-MM-DD HH24:MI:SS'));
INSERT INTO "TRADE_GNNT"."E_FIRM" VALUES ('607000006', '1', TO_DATE('2015-07-08 11:09:59', 'YYYY-MM-DD HH24:MI:SS'));
INSERT INTO "TRADE_GNNT"."E_FIRM" VALUES ('607000007', '1', TO_DATE('2015-07-08 11:11:05', 'YYYY-MM-DD HH24:MI:SS'));
INSERT INTO "TRADE_GNNT"."E_FIRM" VALUES ('609000000', '1', TO_DATE('2015-07-15 14:15:31', 'YYYY-MM-DD HH24:MI:SS'));
INSERT INTO "TRADE_GNNT"."E_FIRM" VALUES ('101000005000579', '1', TO_DATE('2015-08-13 11:28:27', 'YYYY-MM-DD HH24:MI:SS'));
INSERT INTO "TRADE_GNNT"."E_FIRM" VALUES ('gnnt09008', '1', TO_DATE('2015-08-13 14:38:23', 'YYYY-MM-DD HH24:MI:SS'));
INSERT INTO "TRADE_GNNT"."E_FIRM" VALUES ('ceshi1', '1', TO_DATE('2015-08-20 14:23:26', 'YYYY-MM-DD HH24:MI:SS'));
INSERT INTO "TRADE_GNNT"."E_FIRM" VALUES ('h1', '1', TO_DATE('2015-08-27 16:13:07', 'YYYY-MM-DD HH24:MI:SS'));
INSERT INTO "TRADE_GNNT"."E_FIRM" VALUES ('001', '1', TO_DATE('2015-09-10 21:35:58', 'YYYY-MM-DD HH24:MI:SS'));
INSERT INTO "TRADE_GNNT"."E_FIRM" VALUES ('607000018', '1', TO_DATE('2015-09-14 13:48:15', 'YYYY-MM-DD HH24:MI:SS'));
INSERT INTO "TRADE_GNNT"."E_FIRM" VALUES ('008014', '1', TO_DATE('2015-11-05 09:00:35', 'YYYY-MM-DD HH24:MI:SS'));
INSERT INTO "TRADE_GNNT"."E_FIRM" VALUES ('07280002', '1', TO_DATE('2015-11-05 16:11:20', 'YYYY-MM-DD HH24:MI:SS'));
INSERT INTO "TRADE_GNNT"."E_FIRM" VALUES ('00030101', '1', TO_DATE('2015-03-06 11:09:42', 'YYYY-MM-DD HH24:MI:SS'));
INSERT INTO "TRADE_GNNT"."E_FIRM" VALUES ('xh002', '1', TO_DATE('2015-04-01 10:21:07', 'YYYY-MM-DD HH24:MI:SS'));
INSERT INTO "TRADE_GNNT"."E_FIRM" VALUES ('xh003', '1', TO_DATE('2015-04-01 10:41:48', 'YYYY-MM-DD HH24:MI:SS'));
INSERT INTO "TRADE_GNNT"."E_FIRM" VALUES ('xh004', '1', TO_DATE('2015-04-01 10:44:50', 'YYYY-MM-DD HH24:MI:SS'));
INSERT INTO "TRADE_GNNT"."E_FIRM" VALUES ('xh007', '1', TO_DATE('2015-04-01 10:56:42', 'YYYY-MM-DD HH24:MI:SS'));
INSERT INTO "TRADE_GNNT"."E_FIRM" VALUES ('xh008', '1', TO_DATE('2015-04-01 10:59:08', 'YYYY-MM-DD HH24:MI:SS'));
INSERT INTO "TRADE_GNNT"."E_FIRM" VALUES ('xh010', '1', TO_DATE('2015-04-01 11:08:43', 'YYYY-MM-DD HH24:MI:SS'));
INSERT INTO "TRADE_GNNT"."E_FIRM" VALUES ('gnnt08', '1', TO_DATE('2015-06-08 17:01:58', 'YYYY-MM-DD HH24:MI:SS'));
INSERT INTO "TRADE_GNNT"."E_FIRM" VALUES ('gnnt09', '1', TO_DATE('2015-06-09 09:23:34', 'YYYY-MM-DD HH24:MI:SS'));
INSERT INTO "TRADE_GNNT"."E_FIRM" VALUES ('gnnt10', '1', TO_DATE('2015-06-09 09:24:12', 'YYYY-MM-DD HH24:MI:SS'));
INSERT INTO "TRADE_GNNT"."E_FIRM" VALUES ('gnnt11', '1', TO_DATE('2015-06-09 12:20:20', 'YYYY-MM-DD HH24:MI:SS'));
INSERT INTO "TRADE_GNNT"."E_FIRM" VALUES ('gnnt12', '1', TO_DATE('2015-06-09 12:20:50', 'YYYY-MM-DD HH24:MI:SS'));
INSERT INTO "TRADE_GNNT"."E_FIRM" VALUES ('606010002', '1', TO_DATE('2015-06-11 17:29:54', 'YYYY-MM-DD HH24:MI:SS'));
INSERT INTO "TRADE_GNNT"."E_FIRM" VALUES ('000200001', '1', TO_DATE('2015-06-15 16:55:01', 'YYYY-MM-DD HH24:MI:SS'));
INSERT INTO "TRADE_GNNT"."E_FIRM" VALUES ('606000009', '1', TO_DATE('2015-06-15 17:03:49', 'YYYY-MM-DD HH24:MI:SS'));
INSERT INTO "TRADE_GNNT"."E_FIRM" VALUES ('606000011', '1', TO_DATE('2015-06-16 13:56:20', 'YYYY-MM-DD HH24:MI:SS'));
INSERT INTO "TRADE_GNNT"."E_FIRM" VALUES ('000200003', '1', TO_DATE('2015-06-16 14:25:25', 'YYYY-MM-DD HH24:MI:SS'));
INSERT INTO "TRADE_GNNT"."E_FIRM" VALUES ('606010012', '1', TO_DATE('2015-06-17 16:55:23', 'YYYY-MM-DD HH24:MI:SS'));
INSERT INTO "TRADE_GNNT"."E_FIRM" VALUES ('444', '1', TO_DATE('2015-06-19 09:46:57', 'YYYY-MM-DD HH24:MI:SS'));
INSERT INTO "TRADE_GNNT"."E_FIRM" VALUES ('505000000000105', '1', TO_DATE('2015-06-19 09:59:42', 'YYYY-MM-DD HH24:MI:SS'));
INSERT INTO "TRADE_GNNT"."E_FIRM" VALUES ('000301013', '1', TO_DATE('2015-06-23 09:06:10', 'YYYY-MM-DD HH24:MI:SS'));
INSERT INTO "TRADE_GNNT"."E_FIRM" VALUES ('607010001', '1', TO_DATE('2015-07-06 09:44:32', 'YYYY-MM-DD HH24:MI:SS'));
INSERT INTO "TRADE_GNNT"."E_FIRM" VALUES ('607020002', '1', TO_DATE('2015-07-06 09:51:13', 'YYYY-MM-DD HH24:MI:SS'));
INSERT INTO "TRADE_GNNT"."E_FIRM" VALUES ('607010002', '1', TO_DATE('2015-07-06 09:51:40', 'YYYY-MM-DD HH24:MI:SS'));
INSERT INTO "TRADE_GNNT"."E_FIRM" VALUES ('606000015', '1', TO_DATE('2015-07-07 09:02:52', 'YYYY-MM-DD HH24:MI:SS'));
INSERT INTO "TRADE_GNNT"."E_FIRM" VALUES ('020000001', '1', TO_DATE('2015-07-07 09:03:05', 'YYYY-MM-DD HH24:MI:SS'));
INSERT INTO "TRADE_GNNT"."E_FIRM" VALUES ('606010015', '1', TO_DATE('2015-07-07 09:03:17', 'YYYY-MM-DD HH24:MI:SS'));
INSERT INTO "TRADE_GNNT"."E_FIRM" VALUES ('002000001', '1', TO_DATE('2015-07-07 09:06:58', 'YYYY-MM-DD HH24:MI:SS'));
INSERT INTO "TRADE_GNNT"."E_FIRM" VALUES ('000200005', '1', TO_DATE('2015-07-07 09:07:09', 'YYYY-MM-DD HH24:MI:SS'));
INSERT INTO "TRADE_GNNT"."E_FIRM" VALUES ('000100001', '1', TO_DATE('2015-07-07 09:07:51', 'YYYY-MM-DD HH24:MI:SS'));
INSERT INTO "TRADE_GNNT"."E_FIRM" VALUES ('002000003', '1', TO_DATE('2015-07-07 09:08:18', 'YYYY-MM-DD HH24:MI:SS'));
INSERT INTO "TRADE_GNNT"."E_FIRM" VALUES ('607000010', '1', TO_DATE('2015-08-04 08:17:03', 'YYYY-MM-DD HH24:MI:SS'));
INSERT INTO "TRADE_GNNT"."E_FIRM" VALUES ('606000022', '1', TO_DATE('2015-08-20 09:47:26', 'YYYY-MM-DD HH24:MI:SS'));
INSERT INTO "TRADE_GNNT"."E_FIRM" VALUES ('3203211988', '1', TO_DATE('2015-08-24 09:38:16', 'YYYY-MM-DD HH24:MI:SS'));
INSERT INTO "TRADE_GNNT"."E_FIRM" VALUES ('h2', '1', TO_DATE('2015-08-28 09:40:04', 'YYYY-MM-DD HH24:MI:SS'));
INSERT INTO "TRADE_GNNT"."E_FIRM" VALUES ('607000012', '1', TO_DATE('2015-09-14 13:44:35', 'YYYY-MM-DD HH24:MI:SS'));
INSERT INTO "TRADE_GNNT"."E_FIRM" VALUES ('183', '1', TO_DATE('2015-09-15 14:04:32', 'YYYY-MM-DD HH24:MI:SS'));
INSERT INTO "TRADE_GNNT"."E_FIRM" VALUES ('gnnt09010', '1', TO_DATE('2015-09-21 12:55:24', 'YYYY-MM-DD HH24:MI:SS'));
INSERT INTO "TRADE_GNNT"."E_FIRM" VALUES ('gnnt09011', '1', TO_DATE('2015-09-21 13:09:30', 'YYYY-MM-DD HH24:MI:SS'));
INSERT INTO "TRADE_GNNT"."E_FIRM" VALUES ('607000019', '1', TO_DATE('2015-09-21 13:11:16', 'YYYY-MM-DD HH24:MI:SS'));
INSERT INTO "TRADE_GNNT"."E_FIRM" VALUES ('607000020', '1', TO_DATE('2015-09-21 13:13:57', 'YYYY-MM-DD HH24:MI:SS'));
INSERT INTO "TRADE_GNNT"."E_FIRM" VALUES ('000200009', '1', TO_DATE('2015-09-21 13:14:31', 'YYYY-MM-DD HH24:MI:SS'));
INSERT INTO "TRADE_GNNT"."E_FIRM" VALUES ('606000023', '1', TO_DATE('2015-09-21 13:24:07', 'YYYY-MM-DD HH24:MI:SS'));
INSERT INTO "TRADE_GNNT"."E_FIRM" VALUES ('607000022', '1', TO_DATE('2015-09-21 13:25:08', 'YYYY-MM-DD HH24:MI:SS'));
INSERT INTO "TRADE_GNNT"."E_FIRM" VALUES ('607000023', '1', TO_DATE('2015-09-21 13:33:03', 'YYYY-MM-DD HH24:MI:SS'));
INSERT INTO "TRADE_GNNT"."E_FIRM" VALUES ('111111', '1', TO_DATE('2015-10-08 14:48:45', 'YYYY-MM-DD HH24:MI:SS'));
INSERT INTO "TRADE_GNNT"."E_FIRM" VALUES ('606000025', '1', TO_DATE('2015-10-12 11:02:05', 'YYYY-MM-DD HH24:MI:SS'));
INSERT INTO "TRADE_GNNT"."E_FIRM" VALUES ('606000030', '1', TO_DATE('2015-10-12 13:57:53', 'YYYY-MM-DD HH24:MI:SS'));
INSERT INTO "TRADE_GNNT"."E_FIRM" VALUES ('606000033', '1', TO_DATE('2015-10-12 13:58:29', 'YYYY-MM-DD HH24:MI:SS'));
INSERT INTO "TRADE_GNNT"."E_FIRM" VALUES ('607000031', '1', TO_DATE('2015-10-20 08:26:23', 'YYYY-MM-DD HH24:MI:SS'));
INSERT INTO "TRADE_GNNT"."E_FIRM" VALUES ('607000032', '1', TO_DATE('2015-10-20 08:27:34', 'YYYY-MM-DD HH24:MI:SS'));
INSERT INTO "TRADE_GNNT"."E_FIRM" VALUES ('60600000100', '1', TO_DATE('2015-03-31 19:22:32', 'YYYY-MM-DD HH24:MI:SS'));
INSERT INTO "TRADE_GNNT"."E_FIRM" VALUES ('gnnt06', '1', TO_DATE('2015-06-02 10:55:31', 'YYYY-MM-DD HH24:MI:SS'));
INSERT INTO "TRADE_GNNT"."E_FIRM" VALUES ('gnnt05', '1', TO_DATE('2015-06-02 10:55:56', 'YYYY-MM-DD HH24:MI:SS'));
INSERT INTO "TRADE_GNNT"."E_FIRM" VALUES ('606010003', '1', TO_DATE('2015-06-15 11:15:59', 'YYYY-MM-DD HH24:MI:SS'));
INSERT INTO "TRADE_GNNT"."E_FIRM" VALUES ('606010005', '1', TO_DATE('2015-06-15 14:37:26', 'YYYY-MM-DD HH24:MI:SS'));
INSERT INTO "TRADE_GNNT"."E_FIRM" VALUES ('gnnt09001', '1', TO_DATE('2015-06-15 16:58:02', 'YYYY-MM-DD HH24:MI:SS'));
INSERT INTO "TRADE_GNNT"."E_FIRM" VALUES ('000200002', '1', TO_DATE('2015-06-16 13:57:47', 'YYYY-MM-DD HH24:MI:SS'));
INSERT INTO "TRADE_GNNT"."E_FIRM" VALUES ('000301011', '1', TO_DATE('2015-06-23 09:04:37', 'YYYY-MM-DD HH24:MI:SS'));
INSERT INTO "TRADE_GNNT"."E_FIRM" VALUES ('000301012', '1', TO_DATE('2015-06-23 09:05:31', 'YYYY-MM-DD HH24:MI:SS'));
INSERT INTO "TRADE_GNNT"."E_FIRM" VALUES ('HMR02', '1', TO_DATE('2015-06-25 13:18:19', 'YYYY-MM-DD HH24:MI:SS'));
INSERT INTO "TRADE_GNNT"."E_FIRM" VALUES ('xh014', '1', TO_DATE('2015-07-03 09:39:43', 'YYYY-MM-DD HH24:MI:SS'));
INSERT INTO "TRADE_GNNT"."E_FIRM" VALUES ('gnnt65432', '1', TO_DATE('2015-07-03 10:25:26', 'YYYY-MM-DD HH24:MI:SS'));
INSERT INTO "TRADE_GNNT"."E_FIRM" VALUES ('jsb002', '1', TO_DATE('2015-07-03 13:15:34', 'YYYY-MM-DD HH24:MI:SS'));
INSERT INTO "TRADE_GNNT"."E_FIRM" VALUES ('gnnt021', '1', TO_DATE('2015-07-03 13:16:27', 'YYYY-MM-DD HH24:MI:SS'));
INSERT INTO "TRADE_GNNT"."E_FIRM" VALUES ('gnnt022', '1', TO_DATE('2015-07-03 13:19:25', 'YYYY-MM-DD HH24:MI:SS'));
INSERT INTO "TRADE_GNNT"."E_FIRM" VALUES ('jsb003', '1', TO_DATE('2015-07-03 14:59:14', 'YYYY-MM-DD HH24:MI:SS'));
INSERT INTO "TRADE_GNNT"."E_FIRM" VALUES ('607000008', '1', TO_DATE('2015-07-22 10:00:07', 'YYYY-MM-DD HH24:MI:SS'));
INSERT INTO "TRADE_GNNT"."E_FIRM" VALUES ('607000009', '1', TO_DATE('2015-08-03 15:10:42', 'YYYY-MM-DD HH24:MI:SS'));
INSERT INTO "TRADE_GNNT"."E_FIRM" VALUES ('000200007', '1', TO_DATE('2015-09-10 21:29:55', 'YYYY-MM-DD HH24:MI:SS'));
INSERT INTO "TRADE_GNNT"."E_FIRM" VALUES ('666', '1', TO_DATE('2015-09-10 21:47:14', 'YYYY-MM-DD HH24:MI:SS'));
INSERT INTO "TRADE_GNNT"."E_FIRM" VALUES ('PG001', '1', TO_DATE('2015-09-11 12:51:12', 'YYYY-MM-DD HH24:MI:SS'));
INSERT INTO "TRADE_GNNT"."E_FIRM" VALUES ('182', '1', TO_DATE('2015-09-15 14:02:09', 'YYYY-MM-DD HH24:MI:SS'));
INSERT INTO "TRADE_GNNT"."E_FIRM" VALUES ('YXG', '1', TO_DATE('2015-10-10 13:59:40', 'YYYY-MM-DD HH24:MI:SS'));
INSERT INTO "TRADE_GNNT"."E_FIRM" VALUES ('606000028', '1', TO_DATE('2015-10-12 11:11:35', 'YYYY-MM-DD HH24:MI:SS'));
INSERT INTO "TRADE_GNNT"."E_FIRM" VALUES ('607000030', '1', TO_DATE('2015-10-12 13:43:17', 'YYYY-MM-DD HH24:MI:SS'));
INSERT INTO "TRADE_GNNT"."E_FIRM" VALUES ('606000034', '1', TO_DATE('2015-10-12 14:08:45', 'YYYY-MM-DD HH24:MI:SS'));
INSERT INTO "TRADE_GNNT"."E_FIRM" VALUES ('123456', '1', TO_DATE('2015-11-05 11:18:14', 'YYYY-MM-DD HH24:MI:SS'));
INSERT INTO "TRADE_GNNT"."E_FIRM" VALUES ('07280007', '1', TO_DATE('2015-11-05 16:38:03', 'YYYY-MM-DD HH24:MI:SS'));
INSERT INTO "TRADE_GNNT"."E_FIRM" VALUES ('07280010', '1', TO_DATE('2015-11-05 16:40:49', 'YYYY-MM-DD HH24:MI:SS'));
INSERT INTO "TRADE_GNNT"."E_FIRM" VALUES ('5050000000333', '1', TO_DATE('2015-03-13 09:10:51', 'YYYY-MM-DD HH24:MI:SS'));
INSERT INTO "TRADE_GNNT"."E_FIRM" VALUES ('xh011', '1', TO_DATE('2015-04-20 11:06:49', 'YYYY-MM-DD HH24:MI:SS'));
INSERT INTO "TRADE_GNNT"."E_FIRM" VALUES ('hyl', '1', TO_DATE('2015-06-08 10:32:05', 'YYYY-MM-DD HH24:MI:SS'));
INSERT INTO "TRADE_GNNT"."E_FIRM" VALUES ('606010007', '1', TO_DATE('2015-06-15 16:01:29', 'YYYY-MM-DD HH24:MI:SS'));
INSERT INTO "TRADE_GNNT"."E_FIRM" VALUES ('000200004', '1', TO_DATE('2015-07-02 10:56:53', 'YYYY-MM-DD HH24:MI:SS'));
INSERT INTO "TRADE_GNNT"."E_FIRM" VALUES ('xh015', '1', TO_DATE('2015-07-03 09:39:24', 'YYYY-MM-DD HH24:MI:SS'));
INSERT INTO "TRADE_GNNT"."E_FIRM" VALUES ('gnnt98765', '1', TO_DATE('2015-07-03 11:12:18', 'YYYY-MM-DD HH24:MI:SS'));
INSERT INTO "TRADE_GNNT"."E_FIRM" VALUES ('gnnt09003', '1', TO_DATE('2015-07-03 15:06:14', 'YYYY-MM-DD HH24:MI:SS'));
INSERT INTO "TRADE_GNNT"."E_FIRM" VALUES ('607', '1', TO_DATE('2015-07-06 09:24:16', 'YYYY-MM-DD HH24:MI:SS'));
INSERT INTO "TRADE_GNNT"."E_FIRM" VALUES ('606010014', '1', TO_DATE('2015-07-06 09:37:09', 'YYYY-MM-DD HH24:MI:SS'));
INSERT INTO "TRADE_GNNT"."E_FIRM" VALUES ('607000003', '1', TO_DATE('2015-07-06 09:59:49', 'YYYY-MM-DD HH24:MI:SS'));
INSERT INTO "TRADE_GNNT"."E_FIRM" VALUES ('gnnt09004', '1', TO_DATE('2015-07-07 09:03:53', 'YYYY-MM-DD HH24:MI:SS'));
INSERT INTO "TRADE_GNNT"."E_FIRM" VALUES ('606000017', '1', TO_DATE('2015-07-07 09:04:18', 'YYYY-MM-DD HH24:MI:SS'));
INSERT INTO "TRADE_GNNT"."E_FIRM" VALUES ('606000018', '1', TO_DATE('2015-07-07 09:04:39', 'YYYY-MM-DD HH24:MI:SS'));
INSERT INTO "TRADE_GNNT"."E_FIRM" VALUES ('606000019', '1', TO_DATE('2015-07-07 09:04:57', 'YYYY-MM-DD HH24:MI:SS'));
INSERT INTO "TRADE_GNNT"."E_FIRM" VALUES ('606000021', '1', TO_DATE('2015-07-07 09:07:23', 'YYYY-MM-DD HH24:MI:SS'));
INSERT INTO "TRADE_GNNT"."E_FIRM" VALUES ('002000002', '1', TO_DATE('2015-07-07 09:07:37', 'YYYY-MM-DD HH24:MI:SS'));
INSERT INTO "TRADE_GNNT"."E_FIRM" VALUES ('hy001', '1', TO_DATE('2015-07-28 10:59:16', 'YYYY-MM-DD HH24:MI:SS'));
INSERT INTO "TRADE_GNNT"."E_FIRM" VALUES ('gnnt09009', '1', TO_DATE('2015-08-14 09:16:59', 'YYYY-MM-DD HH24:MI:SS'));
INSERT INTO "TRADE_GNNT"."E_FIRM" VALUES ('622000000', '1', TO_DATE('2015-08-25 11:11:57', 'YYYY-MM-DD HH24:MI:SS'));
INSERT INTO "TRADE_GNNT"."E_FIRM" VALUES ('gnnt09012', '1', TO_DATE('2015-09-23 09:43:58', 'YYYY-MM-DD HH24:MI:SS'));
INSERT INTO "TRADE_GNNT"."E_FIRM" VALUES ('606000031', '1', TO_DATE('2015-10-12 13:58:08', 'YYYY-MM-DD HH24:MI:SS'));
INSERT INTO "TRADE_GNNT"."E_FIRM" VALUES ('606000032', '1', TO_DATE('2015-10-12 13:58:19', 'YYYY-MM-DD HH24:MI:SS'));
INSERT INTO "TRADE_GNNT"."E_FIRM" VALUES ('777777', '1', TO_DATE('2015-10-17 12:33:55', 'YYYY-MM-DD HH24:MI:SS'));
INSERT INTO "TRADE_GNNT"."E_FIRM" VALUES ('07280006', '1', TO_DATE('2015-11-05 16:37:10', 'YYYY-MM-DD HH24:MI:SS'));
INSERT INTO "TRADE_GNNT"."E_FIRM" VALUES ('07280014', '1', TO_DATE('2015-11-05 16:43:33', 'YYYY-MM-DD HH24:MI:SS'));
INSERT INTO "TRADE_GNNT"."E_FIRM" VALUES ('07280017', '1', TO_DATE('2015-11-05 16:46:04', 'YYYY-MM-DD HH24:MI:SS'));
INSERT INTO "TRADE_GNNT"."E_FIRM" VALUES ('07280018', '1', TO_DATE('2015-11-05 16:46:43', 'YYYY-MM-DD HH24:MI:SS'));
INSERT INTO "TRADE_GNNT"."E_FIRM" VALUES ('07280019', '1', TO_DATE('2015-11-05 16:47:28', 'YYYY-MM-DD HH24:MI:SS'));
INSERT INTO "TRADE_GNNT"."E_FIRM" VALUES ('07280030', '1', TO_DATE('2015-11-06 16:29:32', 'YYYY-MM-DD HH24:MI:SS'));

-- ----------------------------
-- Table structure for E_FIRMINFO
-- ----------------------------
DROP TABLE "TRADE_GNNT"."E_FIRMINFO";
CREATE TABLE "TRADE_GNNT"."E_FIRMINFO" (
"FIRMID" VARCHAR2(32 BYTE) NOT NULL ,
"FIRMSUMMARY" VARCHAR2(1000 BYTE) NULL ,
"FIRMXML" VARCHAR2(4000 BYTE) NULL 
)
LOGGING
NOCOMPRESS
NOCACHE

;

-- ----------------------------
-- Records of E_FIRMINFO
-- ----------------------------
INSERT INTO "TRADE_GNNT"."E_FIRMINFO" VALUES ('test66', null, null);
INSERT INTO "TRADE_GNNT"."E_FIRMINFO" VALUES ('608000123', null, null);
INSERT INTO "TRADE_GNNT"."E_FIRMINFO" VALUES ('xh005', null, null);
INSERT INTO "TRADE_GNNT"."E_FIRMINFO" VALUES ('xh009', null, null);
INSERT INTO "TRADE_GNNT"."E_FIRMINFO" VALUES ('Shimo004', null, null);
INSERT INTO "TRADE_GNNT"."E_FIRMINFO" VALUES ('Shimo005', null, null);
INSERT INTO "TRADE_GNNT"."E_FIRMINFO" VALUES ('xh012', null, null);
INSERT INTO "TRADE_GNNT"."E_FIRMINFO" VALUES ('xh013', null, null);
INSERT INTO "TRADE_GNNT"."E_FIRMINFO" VALUES ('60600000180', null, null);
INSERT INTO "TRADE_GNNT"."E_FIRMINFO" VALUES ('601002022', null, null);
INSERT INTO "TRADE_GNNT"."E_FIRMINFO" VALUES ('00021034', null, null);
INSERT INTO "TRADE_GNNT"."E_FIRMINFO" VALUES ('112', null, null);
INSERT INTO "TRADE_GNNT"."E_FIRMINFO" VALUES ('60600000111', null, null);
INSERT INTO "TRADE_GNNT"."E_FIRMINFO" VALUES ('606010001', null, null);
INSERT INTO "TRADE_GNNT"."E_FIRMINFO" VALUES ('606010004', null, null);
INSERT INTO "TRADE_GNNT"."E_FIRMINFO" VALUES ('gnnt12001', null, null);
INSERT INTO "TRADE_GNNT"."E_FIRMINFO" VALUES ('606010006', null, null);
INSERT INTO "TRADE_GNNT"."E_FIRMINFO" VALUES ('606010008', null, null);
INSERT INTO "TRADE_GNNT"."E_FIRMINFO" VALUES ('606010010', null, null);
INSERT INTO "TRADE_GNNT"."E_FIRMINFO" VALUES ('HMR01', null, null);
INSERT INTO "TRADE_GNNT"."E_FIRMINFO" VALUES ('gnnt023', null, null);
INSERT INTO "TRADE_GNNT"."E_FIRMINFO" VALUES ('gnnt01001', null, null);
INSERT INTO "TRADE_GNNT"."E_FIRMINFO" VALUES ('gnnt01002', null, null);
INSERT INTO "TRADE_GNNT"."E_FIRMINFO" VALUES ('606000016', null, null);
INSERT INTO "TRADE_GNNT"."E_FIRMINFO" VALUES ('606000020', null, null);
INSERT INTO "TRADE_GNNT"."E_FIRMINFO" VALUES ('gnnt09005', null, null);
INSERT INTO "TRADE_GNNT"."E_FIRMINFO" VALUES ('gnnt09006', null, null);
INSERT INTO "TRADE_GNNT"."E_FIRMINFO" VALUES ('gnnt09007', null, null);
INSERT INTO "TRADE_GNNT"."E_FIRMINFO" VALUES ('000200006', null, null);
INSERT INTO "TRADE_GNNT"."E_FIRMINFO" VALUES ('607000004', null, null);
INSERT INTO "TRADE_GNNT"."E_FIRMINFO" VALUES ('607000005', null, null);
INSERT INTO "TRADE_GNNT"."E_FIRMINFO" VALUES ('618000000', null, null);
INSERT INTO "TRADE_GNNT"."E_FIRMINFO" VALUES ('ceshi', null, null);
INSERT INTO "TRADE_GNNT"."E_FIRMINFO" VALUES ('607000011', null, null);
INSERT INTO "TRADE_GNNT"."E_FIRMINFO" VALUES ('000200008', null, null);
INSERT INTO "TRADE_GNNT"."E_FIRMINFO" VALUES ('607000021', null, null);
INSERT INTO "TRADE_GNNT"."E_FIRMINFO" VALUES ('607000024', null, null);
INSERT INTO "TRADE_GNNT"."E_FIRMINFO" VALUES ('607000025', null, null);
INSERT INTO "TRADE_GNNT"."E_FIRMINFO" VALUES ('606000024', null, null);
INSERT INTO "TRADE_GNNT"."E_FIRMINFO" VALUES ('607000026', null, null);
INSERT INTO "TRADE_GNNT"."E_FIRMINFO" VALUES ('607000027', null, null);
INSERT INTO "TRADE_GNNT"."E_FIRMINFO" VALUES ('607000028', null, null);
INSERT INTO "TRADE_GNNT"."E_FIRMINFO" VALUES ('607000029', null, null);
INSERT INTO "TRADE_GNNT"."E_FIRMINFO" VALUES ('606000026', null, null);
INSERT INTO "TRADE_GNNT"."E_FIRMINFO" VALUES ('606000027', null, null);
INSERT INTO "TRADE_GNNT"."E_FIRMINFO" VALUES ('606000029', null, null);
INSERT INTO "TRADE_GNNT"."E_FIRMINFO" VALUES ('07280001', null, null);
INSERT INTO "TRADE_GNNT"."E_FIRMINFO" VALUES ('07280003', null, null);
INSERT INTO "TRADE_GNNT"."E_FIRMINFO" VALUES ('07280004', null, null);
INSERT INTO "TRADE_GNNT"."E_FIRMINFO" VALUES ('07280005', null, null);
INSERT INTO "TRADE_GNNT"."E_FIRMINFO" VALUES ('07280008', null, null);
INSERT INTO "TRADE_GNNT"."E_FIRMINFO" VALUES ('07280009', null, null);
INSERT INTO "TRADE_GNNT"."E_FIRMINFO" VALUES ('07280011', null, null);
INSERT INTO "TRADE_GNNT"."E_FIRMINFO" VALUES ('07280012', null, null);
INSERT INTO "TRADE_GNNT"."E_FIRMINFO" VALUES ('07280013', null, null);
INSERT INTO "TRADE_GNNT"."E_FIRMINFO" VALUES ('07280015', null, null);
INSERT INTO "TRADE_GNNT"."E_FIRMINFO" VALUES ('07280016', null, null);
INSERT INTO "TRADE_GNNT"."E_FIRMINFO" VALUES ('07280020', null, null);
INSERT INTO "TRADE_GNNT"."E_FIRMINFO" VALUES ('608000333', null, null);
INSERT INTO "TRADE_GNNT"."E_FIRMINFO" VALUES ('xh001', null, null);
INSERT INTO "TRADE_GNNT"."E_FIRMINFO" VALUES ('xh006', null, null);
INSERT INTO "TRADE_GNNT"."E_FIRMINFO" VALUES ('Shimo001', null, null);
INSERT INTO "TRADE_GNNT"."E_FIRMINFO" VALUES ('Shimo002', null, null);
INSERT INTO "TRADE_GNNT"."E_FIRMINFO" VALUES ('Shimo003', null, null);
INSERT INTO "TRADE_GNNT"."E_FIRMINFO" VALUES ('50500000100', null, null);
INSERT INTO "TRADE_GNNT"."E_FIRMINFO" VALUES ('60600000110', null, null);
INSERT INTO "TRADE_GNNT"."E_FIRMINFO" VALUES ('gnnt07', null, null);
INSERT INTO "TRADE_GNNT"."E_FIRMINFO" VALUES ('606000001', null, null);
INSERT INTO "TRADE_GNNT"."E_FIRMINFO" VALUES ('606000002', null, null);
INSERT INTO "TRADE_GNNT"."E_FIRMINFO" VALUES ('606010000', null, null);
INSERT INTO "TRADE_GNNT"."E_FIRMINFO" VALUES ('606000008', null, null);
INSERT INTO "TRADE_GNNT"."E_FIRMINFO" VALUES ('606010009', null, null);
INSERT INTO "TRADE_GNNT"."E_FIRMINFO" VALUES ('000210341', null, null);
INSERT INTO "TRADE_GNNT"."E_FIRMINFO" VALUES ('gnnt09002', null, null);
INSERT INTO "TRADE_GNNT"."E_FIRMINFO" VALUES ('606000012', null, null);
INSERT INTO "TRADE_GNNT"."E_FIRMINFO" VALUES ('606000013', null, null);
INSERT INTO "TRADE_GNNT"."E_FIRMINFO" VALUES ('606010013', null, null);
INSERT INTO "TRADE_GNNT"."E_FIRMINFO" VALUES ('606000014', null, null);
INSERT INTO "TRADE_GNNT"."E_FIRMINFO" VALUES ('607000001', null, null);
INSERT INTO "TRADE_GNNT"."E_FIRMINFO" VALUES ('607020001', null, null);
INSERT INTO "TRADE_GNNT"."E_FIRMINFO" VALUES ('607000002', null, null);
INSERT INTO "TRADE_GNNT"."E_FIRMINFO" VALUES ('607000006', null, null);
INSERT INTO "TRADE_GNNT"."E_FIRMINFO" VALUES ('607000007', null, null);
INSERT INTO "TRADE_GNNT"."E_FIRMINFO" VALUES ('609000000', null, null);
INSERT INTO "TRADE_GNNT"."E_FIRMINFO" VALUES ('101000005000579', null, null);
INSERT INTO "TRADE_GNNT"."E_FIRMINFO" VALUES ('gnnt09008', null, null);
INSERT INTO "TRADE_GNNT"."E_FIRMINFO" VALUES ('ceshi1', null, null);
INSERT INTO "TRADE_GNNT"."E_FIRMINFO" VALUES ('h1', null, null);
INSERT INTO "TRADE_GNNT"."E_FIRMINFO" VALUES ('001', null, null);
INSERT INTO "TRADE_GNNT"."E_FIRMINFO" VALUES ('607000018', null, null);
INSERT INTO "TRADE_GNNT"."E_FIRMINFO" VALUES ('008014', null, null);
INSERT INTO "TRADE_GNNT"."E_FIRMINFO" VALUES ('07280002', null, null);
INSERT INTO "TRADE_GNNT"."E_FIRMINFO" VALUES ('00030101', null, null);
INSERT INTO "TRADE_GNNT"."E_FIRMINFO" VALUES ('xh002', null, null);
INSERT INTO "TRADE_GNNT"."E_FIRMINFO" VALUES ('xh003', null, null);
INSERT INTO "TRADE_GNNT"."E_FIRMINFO" VALUES ('xh004', null, null);
INSERT INTO "TRADE_GNNT"."E_FIRMINFO" VALUES ('xh007', null, null);
INSERT INTO "TRADE_GNNT"."E_FIRMINFO" VALUES ('xh008', null, null);
INSERT INTO "TRADE_GNNT"."E_FIRMINFO" VALUES ('xh010', null, null);
INSERT INTO "TRADE_GNNT"."E_FIRMINFO" VALUES ('gnnt08', null, null);
INSERT INTO "TRADE_GNNT"."E_FIRMINFO" VALUES ('gnnt09', null, null);
INSERT INTO "TRADE_GNNT"."E_FIRMINFO" VALUES ('gnnt10', null, null);
INSERT INTO "TRADE_GNNT"."E_FIRMINFO" VALUES ('gnnt11', null, null);
INSERT INTO "TRADE_GNNT"."E_FIRMINFO" VALUES ('gnnt12', null, null);
INSERT INTO "TRADE_GNNT"."E_FIRMINFO" VALUES ('606010002', null, null);
INSERT INTO "TRADE_GNNT"."E_FIRMINFO" VALUES ('000200001', null, null);
INSERT INTO "TRADE_GNNT"."E_FIRMINFO" VALUES ('606000009', null, null);
INSERT INTO "TRADE_GNNT"."E_FIRMINFO" VALUES ('606000011', null, null);
INSERT INTO "TRADE_GNNT"."E_FIRMINFO" VALUES ('000200003', null, null);
INSERT INTO "TRADE_GNNT"."E_FIRMINFO" VALUES ('606010012', null, null);
INSERT INTO "TRADE_GNNT"."E_FIRMINFO" VALUES ('444', null, null);
INSERT INTO "TRADE_GNNT"."E_FIRMINFO" VALUES ('505000000000105', null, null);
INSERT INTO "TRADE_GNNT"."E_FIRMINFO" VALUES ('000301013', null, null);
INSERT INTO "TRADE_GNNT"."E_FIRMINFO" VALUES ('607010001', null, null);
INSERT INTO "TRADE_GNNT"."E_FIRMINFO" VALUES ('607020002', null, null);
INSERT INTO "TRADE_GNNT"."E_FIRMINFO" VALUES ('607010002', null, null);
INSERT INTO "TRADE_GNNT"."E_FIRMINFO" VALUES ('606000015', null, null);
INSERT INTO "TRADE_GNNT"."E_FIRMINFO" VALUES ('020000001', null, null);
INSERT INTO "TRADE_GNNT"."E_FIRMINFO" VALUES ('606010015', null, null);
INSERT INTO "TRADE_GNNT"."E_FIRMINFO" VALUES ('002000001', null, null);
INSERT INTO "TRADE_GNNT"."E_FIRMINFO" VALUES ('000200005', null, null);
INSERT INTO "TRADE_GNNT"."E_FIRMINFO" VALUES ('000100001', null, null);
INSERT INTO "TRADE_GNNT"."E_FIRMINFO" VALUES ('002000003', null, null);
INSERT INTO "TRADE_GNNT"."E_FIRMINFO" VALUES ('607000010', null, null);
INSERT INTO "TRADE_GNNT"."E_FIRMINFO" VALUES ('606000022', null, null);
INSERT INTO "TRADE_GNNT"."E_FIRMINFO" VALUES ('3203211988', null, null);
INSERT INTO "TRADE_GNNT"."E_FIRMINFO" VALUES ('h2', null, null);
INSERT INTO "TRADE_GNNT"."E_FIRMINFO" VALUES ('607000012', null, null);
INSERT INTO "TRADE_GNNT"."E_FIRMINFO" VALUES ('183', null, null);
INSERT INTO "TRADE_GNNT"."E_FIRMINFO" VALUES ('gnnt09010', null, null);
INSERT INTO "TRADE_GNNT"."E_FIRMINFO" VALUES ('gnnt09011', null, null);
INSERT INTO "TRADE_GNNT"."E_FIRMINFO" VALUES ('607000019', null, null);
INSERT INTO "TRADE_GNNT"."E_FIRMINFO" VALUES ('607000020', null, null);
INSERT INTO "TRADE_GNNT"."E_FIRMINFO" VALUES ('000200009', null, null);
INSERT INTO "TRADE_GNNT"."E_FIRMINFO" VALUES ('606000023', null, null);
INSERT INTO "TRADE_GNNT"."E_FIRMINFO" VALUES ('607000022', null, null);
INSERT INTO "TRADE_GNNT"."E_FIRMINFO" VALUES ('607000023', null, null);
INSERT INTO "TRADE_GNNT"."E_FIRMINFO" VALUES ('111111', null, null);
INSERT INTO "TRADE_GNNT"."E_FIRMINFO" VALUES ('606000025', null, null);
INSERT INTO "TRADE_GNNT"."E_FIRMINFO" VALUES ('606000030', null, null);
INSERT INTO "TRADE_GNNT"."E_FIRMINFO" VALUES ('606000033', null, null);
INSERT INTO "TRADE_GNNT"."E_FIRMINFO" VALUES ('607000031', null, null);
INSERT INTO "TRADE_GNNT"."E_FIRMINFO" VALUES ('607000032', null, null);
INSERT INTO "TRADE_GNNT"."E_FIRMINFO" VALUES ('60600000100', null, null);
INSERT INTO "TRADE_GNNT"."E_FIRMINFO" VALUES ('gnnt06', null, null);
INSERT INTO "TRADE_GNNT"."E_FIRMINFO" VALUES ('gnnt05', null, null);
INSERT INTO "TRADE_GNNT"."E_FIRMINFO" VALUES ('606010003', null, null);
INSERT INTO "TRADE_GNNT"."E_FIRMINFO" VALUES ('606010005', null, null);
INSERT INTO "TRADE_GNNT"."E_FIRMINFO" VALUES ('gnnt09001', null, null);
INSERT INTO "TRADE_GNNT"."E_FIRMINFO" VALUES ('000200002', null, null);
INSERT INTO "TRADE_GNNT"."E_FIRMINFO" VALUES ('000301011', null, null);
INSERT INTO "TRADE_GNNT"."E_FIRMINFO" VALUES ('000301012', null, null);
INSERT INTO "TRADE_GNNT"."E_FIRMINFO" VALUES ('HMR02', null, null);
INSERT INTO "TRADE_GNNT"."E_FIRMINFO" VALUES ('xh014', null, null);
INSERT INTO "TRADE_GNNT"."E_FIRMINFO" VALUES ('gnnt65432', null, null);
INSERT INTO "TRADE_GNNT"."E_FIRMINFO" VALUES ('jsb002', null, null);
INSERT INTO "TRADE_GNNT"."E_FIRMINFO" VALUES ('gnnt021', null, null);
INSERT INTO "TRADE_GNNT"."E_FIRMINFO" VALUES ('gnnt022', null, null);
INSERT INTO "TRADE_GNNT"."E_FIRMINFO" VALUES ('jsb003', null, null);
INSERT INTO "TRADE_GNNT"."E_FIRMINFO" VALUES ('607000008', null, null);
INSERT INTO "TRADE_GNNT"."E_FIRMINFO" VALUES ('607000009', null, null);
INSERT INTO "TRADE_GNNT"."E_FIRMINFO" VALUES ('000200007', null, null);
INSERT INTO "TRADE_GNNT"."E_FIRMINFO" VALUES ('666', null, null);
INSERT INTO "TRADE_GNNT"."E_FIRMINFO" VALUES ('PG001', null, null);
INSERT INTO "TRADE_GNNT"."E_FIRMINFO" VALUES ('182', null, null);
INSERT INTO "TRADE_GNNT"."E_FIRMINFO" VALUES ('YXG', null, null);
INSERT INTO "TRADE_GNNT"."E_FIRMINFO" VALUES ('606000028', null, null);
INSERT INTO "TRADE_GNNT"."E_FIRMINFO" VALUES ('607000030', null, null);
INSERT INTO "TRADE_GNNT"."E_FIRMINFO" VALUES ('606000034', null, null);
INSERT INTO "TRADE_GNNT"."E_FIRMINFO" VALUES ('123456', null, null);
INSERT INTO "TRADE_GNNT"."E_FIRMINFO" VALUES ('07280007', null, null);
INSERT INTO "TRADE_GNNT"."E_FIRMINFO" VALUES ('07280010', null, null);
INSERT INTO "TRADE_GNNT"."E_FIRMINFO" VALUES ('5050000000333', null, null);
INSERT INTO "TRADE_GNNT"."E_FIRMINFO" VALUES ('xh011', null, null);
INSERT INTO "TRADE_GNNT"."E_FIRMINFO" VALUES ('hyl', null, null);
INSERT INTO "TRADE_GNNT"."E_FIRMINFO" VALUES ('606010007', null, null);
INSERT INTO "TRADE_GNNT"."E_FIRMINFO" VALUES ('000200004', null, null);
INSERT INTO "TRADE_GNNT"."E_FIRMINFO" VALUES ('xh015', null, null);
INSERT INTO "TRADE_GNNT"."E_FIRMINFO" VALUES ('gnnt98765', null, null);
INSERT INTO "TRADE_GNNT"."E_FIRMINFO" VALUES ('gnnt09003', null, null);
INSERT INTO "TRADE_GNNT"."E_FIRMINFO" VALUES ('607', null, null);
INSERT INTO "TRADE_GNNT"."E_FIRMINFO" VALUES ('606010014', null, null);
INSERT INTO "TRADE_GNNT"."E_FIRMINFO" VALUES ('607000003', null, null);
INSERT INTO "TRADE_GNNT"."E_FIRMINFO" VALUES ('gnnt09004', null, null);
INSERT INTO "TRADE_GNNT"."E_FIRMINFO" VALUES ('606000017', null, null);
INSERT INTO "TRADE_GNNT"."E_FIRMINFO" VALUES ('606000018', null, null);
INSERT INTO "TRADE_GNNT"."E_FIRMINFO" VALUES ('606000019', null, null);
INSERT INTO "TRADE_GNNT"."E_FIRMINFO" VALUES ('606000021', null, null);
INSERT INTO "TRADE_GNNT"."E_FIRMINFO" VALUES ('002000002', null, null);
INSERT INTO "TRADE_GNNT"."E_FIRMINFO" VALUES ('hy001', null, null);
INSERT INTO "TRADE_GNNT"."E_FIRMINFO" VALUES ('gnnt09009', null, null);
INSERT INTO "TRADE_GNNT"."E_FIRMINFO" VALUES ('622000000', null, null);
INSERT INTO "TRADE_GNNT"."E_FIRMINFO" VALUES ('gnnt09012', null, null);
INSERT INTO "TRADE_GNNT"."E_FIRMINFO" VALUES ('606000031', null, null);
INSERT INTO "TRADE_GNNT"."E_FIRMINFO" VALUES ('606000032', null, null);
INSERT INTO "TRADE_GNNT"."E_FIRMINFO" VALUES ('777777', null, null);
INSERT INTO "TRADE_GNNT"."E_FIRMINFO" VALUES ('07280006', null, null);
INSERT INTO "TRADE_GNNT"."E_FIRMINFO" VALUES ('07280014', null, null);
INSERT INTO "TRADE_GNNT"."E_FIRMINFO" VALUES ('07280017', null, null);
INSERT INTO "TRADE_GNNT"."E_FIRMINFO" VALUES ('07280018', null, null);
INSERT INTO "TRADE_GNNT"."E_FIRMINFO" VALUES ('07280019', null, null);
INSERT INTO "TRADE_GNNT"."E_FIRMINFO" VALUES ('07280030', null, null);

-- ----------------------------
-- Table structure for E_FUNDS
-- ----------------------------
DROP TABLE "TRADE_GNNT"."E_FUNDS";
CREATE TABLE "TRADE_GNNT"."E_FUNDS" (
"FIRMID" VARCHAR2(32 BYTE) NOT NULL ,
"MARGIN" NUMBER(15,2) NULL ,
"GOODSMONEY" NUMBER(15,2) NULL ,
"TRANSFERLOSS" NUMBER(15,2) NULL ,
"SUBSCRIPTION" NUMBER(15,2) NULL 
)
LOGGING
NOCOMPRESS
NOCACHE

;
COMMENT ON COLUMN "TRADE_GNNT"."E_FUNDS"."MARGIN" IS '每个交易商一条资金记录，作为现货系统的交易商主表。';

-- ----------------------------
-- Records of E_FUNDS
-- ----------------------------
INSERT INTO "TRADE_GNNT"."E_FUNDS" VALUES ('test66', '0', '0', '0', '0');
INSERT INTO "TRADE_GNNT"."E_FUNDS" VALUES ('608000123', '0', '0', '0', '0');
INSERT INTO "TRADE_GNNT"."E_FUNDS" VALUES ('xh005', '0', '23500', '0', '0');
INSERT INTO "TRADE_GNNT"."E_FUNDS" VALUES ('xh009', '0', '0', '0', '0');
INSERT INTO "TRADE_GNNT"."E_FUNDS" VALUES ('Shimo004', '0', '0', '0', '0');
INSERT INTO "TRADE_GNNT"."E_FUNDS" VALUES ('Shimo005', '0', '0', '0', '0');
INSERT INTO "TRADE_GNNT"."E_FUNDS" VALUES ('xh012', '2000', '0', '0', '2000');
INSERT INTO "TRADE_GNNT"."E_FUNDS" VALUES ('xh013', '4000', '20000', '0', '2000');
INSERT INTO "TRADE_GNNT"."E_FUNDS" VALUES ('60600000180', '0', '0', '0', '0');
INSERT INTO "TRADE_GNNT"."E_FUNDS" VALUES ('601002022', '0', '0', '0', '0');
INSERT INTO "TRADE_GNNT"."E_FUNDS" VALUES ('00021034', '0', '0', '0', '0');
INSERT INTO "TRADE_GNNT"."E_FUNDS" VALUES ('112', '0', '0', '0', '0');
INSERT INTO "TRADE_GNNT"."E_FUNDS" VALUES ('60600000111', '0', '0', '0', '0');
INSERT INTO "TRADE_GNNT"."E_FUNDS" VALUES ('606010001', '0', '0', '0', '0');
INSERT INTO "TRADE_GNNT"."E_FUNDS" VALUES ('606010004', '0', '0', '0', '0');
INSERT INTO "TRADE_GNNT"."E_FUNDS" VALUES ('gnnt12001', '0', '0', '0', '0');
INSERT INTO "TRADE_GNNT"."E_FUNDS" VALUES ('606010006', '0', '0', '0', '0');
INSERT INTO "TRADE_GNNT"."E_FUNDS" VALUES ('606010008', '0', '0', '0', '0');
INSERT INTO "TRADE_GNNT"."E_FUNDS" VALUES ('606010010', '0', '0', '0', '0');
INSERT INTO "TRADE_GNNT"."E_FUNDS" VALUES ('HMR01', '0', '0', '0', '0');
INSERT INTO "TRADE_GNNT"."E_FUNDS" VALUES ('gnnt023', '0', '0', '0', '0');
INSERT INTO "TRADE_GNNT"."E_FUNDS" VALUES ('gnnt01001', '0', '0', '0', '0');
INSERT INTO "TRADE_GNNT"."E_FUNDS" VALUES ('gnnt01002', '0', '0', '0', '0');
INSERT INTO "TRADE_GNNT"."E_FUNDS" VALUES ('606000016', '0', '0', '0', '0');
INSERT INTO "TRADE_GNNT"."E_FUNDS" VALUES ('606000020', '0', '0', '0', '0');
INSERT INTO "TRADE_GNNT"."E_FUNDS" VALUES ('gnnt09005', '0', '0', '0', '0');
INSERT INTO "TRADE_GNNT"."E_FUNDS" VALUES ('gnnt09006', '0', '0', '0', '0');
INSERT INTO "TRADE_GNNT"."E_FUNDS" VALUES ('gnnt09007', '0', '0', '0', '0');
INSERT INTO "TRADE_GNNT"."E_FUNDS" VALUES ('000200006', '0', '0', '0', '0');
INSERT INTO "TRADE_GNNT"."E_FUNDS" VALUES ('607000004', '0', '0', '0', '0');
INSERT INTO "TRADE_GNNT"."E_FUNDS" VALUES ('607000005', '0', '0', '0', '0');
INSERT INTO "TRADE_GNNT"."E_FUNDS" VALUES ('618000000', '0', '0', '0', '0');
INSERT INTO "TRADE_GNNT"."E_FUNDS" VALUES ('ceshi', '0', '0', '0', '0');
INSERT INTO "TRADE_GNNT"."E_FUNDS" VALUES ('607000011', '0', '0', '0', '0');
INSERT INTO "TRADE_GNNT"."E_FUNDS" VALUES ('000200008', '0', '0', '0', '0');
INSERT INTO "TRADE_GNNT"."E_FUNDS" VALUES ('607000021', '0', '0', '0', '0');
INSERT INTO "TRADE_GNNT"."E_FUNDS" VALUES ('607000024', '0', '0', '0', '0');
INSERT INTO "TRADE_GNNT"."E_FUNDS" VALUES ('607000025', '0', '0', '0', '0');
INSERT INTO "TRADE_GNNT"."E_FUNDS" VALUES ('606000024', '0', '0', '0', '0');
INSERT INTO "TRADE_GNNT"."E_FUNDS" VALUES ('607000026', '0', '0', '0', '0');
INSERT INTO "TRADE_GNNT"."E_FUNDS" VALUES ('607000027', '0', '0', '0', '0');
INSERT INTO "TRADE_GNNT"."E_FUNDS" VALUES ('607000028', '0', '0', '0', '0');
INSERT INTO "TRADE_GNNT"."E_FUNDS" VALUES ('607000029', '0', '0', '0', '0');
INSERT INTO "TRADE_GNNT"."E_FUNDS" VALUES ('606000026', '0', '0', '0', '0');
INSERT INTO "TRADE_GNNT"."E_FUNDS" VALUES ('606000027', '0', '0', '0', '0');
INSERT INTO "TRADE_GNNT"."E_FUNDS" VALUES ('606000029', '0', '0', '0', '0');
INSERT INTO "TRADE_GNNT"."E_FUNDS" VALUES ('07280001', '0', '0', '0', '0');
INSERT INTO "TRADE_GNNT"."E_FUNDS" VALUES ('07280003', '0', '0', '0', '0');
INSERT INTO "TRADE_GNNT"."E_FUNDS" VALUES ('07280004', '0', '0', '0', '0');
INSERT INTO "TRADE_GNNT"."E_FUNDS" VALUES ('07280005', '0', '0', '0', '0');
INSERT INTO "TRADE_GNNT"."E_FUNDS" VALUES ('07280008', '0', '0', '0', '0');
INSERT INTO "TRADE_GNNT"."E_FUNDS" VALUES ('07280009', '0', '0', '0', '0');
INSERT INTO "TRADE_GNNT"."E_FUNDS" VALUES ('07280011', '0', '0', '0', '0');
INSERT INTO "TRADE_GNNT"."E_FUNDS" VALUES ('07280012', '0', '0', '0', '0');
INSERT INTO "TRADE_GNNT"."E_FUNDS" VALUES ('07280013', '0', '0', '0', '0');
INSERT INTO "TRADE_GNNT"."E_FUNDS" VALUES ('07280015', '0', '0', '0', '0');
INSERT INTO "TRADE_GNNT"."E_FUNDS" VALUES ('07280016', '0', '0', '0', '0');
INSERT INTO "TRADE_GNNT"."E_FUNDS" VALUES ('07280020', '0', '0', '0', '0');
INSERT INTO "TRADE_GNNT"."E_FUNDS" VALUES ('608000333', '0', '0', '0', '0');
INSERT INTO "TRADE_GNNT"."E_FUNDS" VALUES ('xh001', '0', '0', '0', '0');
INSERT INTO "TRADE_GNNT"."E_FUNDS" VALUES ('xh006', '21400', '0', '0', '0');
INSERT INTO "TRADE_GNNT"."E_FUNDS" VALUES ('Shimo001', '0', '0', '0', '0');
INSERT INTO "TRADE_GNNT"."E_FUNDS" VALUES ('Shimo002', '0', '0', '0', '0');
INSERT INTO "TRADE_GNNT"."E_FUNDS" VALUES ('Shimo003', '0', '0', '0', '0');
INSERT INTO "TRADE_GNNT"."E_FUNDS" VALUES ('50500000100', '0', '6500', '0', '1300');
INSERT INTO "TRADE_GNNT"."E_FUNDS" VALUES ('60600000110', '0', '0', '0', '0');
INSERT INTO "TRADE_GNNT"."E_FUNDS" VALUES ('gnnt07', '0', '0', '0', '0');
INSERT INTO "TRADE_GNNT"."E_FUNDS" VALUES ('606000001', '0', '0', '0', '0');
INSERT INTO "TRADE_GNNT"."E_FUNDS" VALUES ('606000002', '0', '0', '0', '0');
INSERT INTO "TRADE_GNNT"."E_FUNDS" VALUES ('606010000', '0', '0', '0', '0');
INSERT INTO "TRADE_GNNT"."E_FUNDS" VALUES ('606000008', '0', '0', '0', '0');
INSERT INTO "TRADE_GNNT"."E_FUNDS" VALUES ('606010009', '0', '0', '0', '0');
INSERT INTO "TRADE_GNNT"."E_FUNDS" VALUES ('000210341', '0', '0', '0', '0');
INSERT INTO "TRADE_GNNT"."E_FUNDS" VALUES ('gnnt09002', '0', '0', '0', '0');
INSERT INTO "TRADE_GNNT"."E_FUNDS" VALUES ('606000012', '0', '0', '0', '0');
INSERT INTO "TRADE_GNNT"."E_FUNDS" VALUES ('606000013', '0', '0', '0', '0');
INSERT INTO "TRADE_GNNT"."E_FUNDS" VALUES ('606010013', '0', '0', '0', '0');
INSERT INTO "TRADE_GNNT"."E_FUNDS" VALUES ('606000014', '0', '0', '0', '0');
INSERT INTO "TRADE_GNNT"."E_FUNDS" VALUES ('607000001', '0', '0', '0', '0');
INSERT INTO "TRADE_GNNT"."E_FUNDS" VALUES ('607020001', '0', '0', '0', '0');
INSERT INTO "TRADE_GNNT"."E_FUNDS" VALUES ('607000002', '0', '0', '0', '0');
INSERT INTO "TRADE_GNNT"."E_FUNDS" VALUES ('607000006', '0', '0', '0', '0');
INSERT INTO "TRADE_GNNT"."E_FUNDS" VALUES ('607000007', '0', '0', '0', '0');
INSERT INTO "TRADE_GNNT"."E_FUNDS" VALUES ('609000000', '0', '0', '0', '0');
INSERT INTO "TRADE_GNNT"."E_FUNDS" VALUES ('101000005000579', '0', '0', '0', '0');
INSERT INTO "TRADE_GNNT"."E_FUNDS" VALUES ('gnnt09008', '0', '0', '0', '0');
INSERT INTO "TRADE_GNNT"."E_FUNDS" VALUES ('ceshi1', '0', '0', '0', '0');
INSERT INTO "TRADE_GNNT"."E_FUNDS" VALUES ('h1', '0', '0', '0', '0');
INSERT INTO "TRADE_GNNT"."E_FUNDS" VALUES ('001', '0', '0', '0', '0');
INSERT INTO "TRADE_GNNT"."E_FUNDS" VALUES ('607000018', '0', '0', '0', '0');
INSERT INTO "TRADE_GNNT"."E_FUNDS" VALUES ('008014', '0', '0', '0', '0');
INSERT INTO "TRADE_GNNT"."E_FUNDS" VALUES ('07280002', '0', '0', '0', '0');
INSERT INTO "TRADE_GNNT"."E_FUNDS" VALUES ('00030101', '0', '0', '0', '0');
INSERT INTO "TRADE_GNNT"."E_FUNDS" VALUES ('xh002', '0', '0', '0', '0');
INSERT INTO "TRADE_GNNT"."E_FUNDS" VALUES ('xh003', '0', '0', '0', '0');
INSERT INTO "TRADE_GNNT"."E_FUNDS" VALUES ('xh004', '6000', '79000', '0', '0');
INSERT INTO "TRADE_GNNT"."E_FUNDS" VALUES ('xh007', '20700', '0', '0', '0');
INSERT INTO "TRADE_GNNT"."E_FUNDS" VALUES ('xh008', '0', '0', '0', '0');
INSERT INTO "TRADE_GNNT"."E_FUNDS" VALUES ('xh010', '0', '0', '0', '2000');
INSERT INTO "TRADE_GNNT"."E_FUNDS" VALUES ('gnnt08', '0', '0', '0', '0');
INSERT INTO "TRADE_GNNT"."E_FUNDS" VALUES ('gnnt09', '0', '0', '0', '0');
INSERT INTO "TRADE_GNNT"."E_FUNDS" VALUES ('gnnt10', '0', '0', '0', '0');
INSERT INTO "TRADE_GNNT"."E_FUNDS" VALUES ('gnnt11', '0', '0', '0', '0');
INSERT INTO "TRADE_GNNT"."E_FUNDS" VALUES ('gnnt12', '0', '0', '0', '0');
INSERT INTO "TRADE_GNNT"."E_FUNDS" VALUES ('606010002', '0', '0', '0', '0');
INSERT INTO "TRADE_GNNT"."E_FUNDS" VALUES ('000200001', '0', '0', '0', '0');
INSERT INTO "TRADE_GNNT"."E_FUNDS" VALUES ('606000009', '0', '0', '0', '0');
INSERT INTO "TRADE_GNNT"."E_FUNDS" VALUES ('606000011', '0', '0', '0', '0');
INSERT INTO "TRADE_GNNT"."E_FUNDS" VALUES ('000200003', '0', '0', '0', '0');
INSERT INTO "TRADE_GNNT"."E_FUNDS" VALUES ('606010012', '0', '0', '0', '0');
INSERT INTO "TRADE_GNNT"."E_FUNDS" VALUES ('444', '0', '0', '0', '0');
INSERT INTO "TRADE_GNNT"."E_FUNDS" VALUES ('505000000000105', '0', '0', '0', '0');
INSERT INTO "TRADE_GNNT"."E_FUNDS" VALUES ('000301013', '0', '0', '0', '0');
INSERT INTO "TRADE_GNNT"."E_FUNDS" VALUES ('607010001', '0', '0', '0', '0');
INSERT INTO "TRADE_GNNT"."E_FUNDS" VALUES ('607020002', '0', '0', '0', '0');
INSERT INTO "TRADE_GNNT"."E_FUNDS" VALUES ('607010002', '0', '0', '0', '0');
INSERT INTO "TRADE_GNNT"."E_FUNDS" VALUES ('606000015', '0', '0', '0', '0');
INSERT INTO "TRADE_GNNT"."E_FUNDS" VALUES ('020000001', '0', '0', '0', '0');
INSERT INTO "TRADE_GNNT"."E_FUNDS" VALUES ('606010015', '0', '0', '0', '0');
INSERT INTO "TRADE_GNNT"."E_FUNDS" VALUES ('002000001', '0', '0', '0', '0');
INSERT INTO "TRADE_GNNT"."E_FUNDS" VALUES ('000200005', '0', '0', '0', '0');
INSERT INTO "TRADE_GNNT"."E_FUNDS" VALUES ('000100001', '0', '0', '0', '0');
INSERT INTO "TRADE_GNNT"."E_FUNDS" VALUES ('002000003', '0', '0', '0', '0');
INSERT INTO "TRADE_GNNT"."E_FUNDS" VALUES ('607000010', '0', '0', '0', '0');
INSERT INTO "TRADE_GNNT"."E_FUNDS" VALUES ('606000022', '0', '0', '0', '0');
INSERT INTO "TRADE_GNNT"."E_FUNDS" VALUES ('3203211988', '0', '0', '0', '0');
INSERT INTO "TRADE_GNNT"."E_FUNDS" VALUES ('h2', '0', '0', '0', '0');
INSERT INTO "TRADE_GNNT"."E_FUNDS" VALUES ('607000012', '0', '0', '0', '0');
INSERT INTO "TRADE_GNNT"."E_FUNDS" VALUES ('183', '0', '0', '0', '0');
INSERT INTO "TRADE_GNNT"."E_FUNDS" VALUES ('gnnt09010', '0', '0', '0', '0');
INSERT INTO "TRADE_GNNT"."E_FUNDS" VALUES ('gnnt09011', '0', '0', '0', '0');
INSERT INTO "TRADE_GNNT"."E_FUNDS" VALUES ('607000019', '0', '0', '0', '0');
INSERT INTO "TRADE_GNNT"."E_FUNDS" VALUES ('607000020', '0', '0', '0', '0');
INSERT INTO "TRADE_GNNT"."E_FUNDS" VALUES ('000200009', '0', '0', '0', '0');
INSERT INTO "TRADE_GNNT"."E_FUNDS" VALUES ('606000023', '0', '0', '0', '0');
INSERT INTO "TRADE_GNNT"."E_FUNDS" VALUES ('607000022', '0', '0', '0', '0');
INSERT INTO "TRADE_GNNT"."E_FUNDS" VALUES ('607000023', '0', '0', '0', '0');
INSERT INTO "TRADE_GNNT"."E_FUNDS" VALUES ('111111', '0', '0', '0', '0');
INSERT INTO "TRADE_GNNT"."E_FUNDS" VALUES ('606000025', '0', '0', '0', '0');
INSERT INTO "TRADE_GNNT"."E_FUNDS" VALUES ('606000030', '0', '0', '0', '0');
INSERT INTO "TRADE_GNNT"."E_FUNDS" VALUES ('606000033', '0', '0', '0', '0');
INSERT INTO "TRADE_GNNT"."E_FUNDS" VALUES ('607000031', '0', '0', '0', '0');
INSERT INTO "TRADE_GNNT"."E_FUNDS" VALUES ('607000032', '0', '0', '0', '0');
INSERT INTO "TRADE_GNNT"."E_FUNDS" VALUES ('60600000100', '1300', '0', '0', '1000');
INSERT INTO "TRADE_GNNT"."E_FUNDS" VALUES ('gnnt06', '0', '0', '0', '0');
INSERT INTO "TRADE_GNNT"."E_FUNDS" VALUES ('gnnt05', '0', '0', '0', '0');
INSERT INTO "TRADE_GNNT"."E_FUNDS" VALUES ('606010003', '0', '0', '0', '0');
INSERT INTO "TRADE_GNNT"."E_FUNDS" VALUES ('606010005', '0', '0', '0', '0');
INSERT INTO "TRADE_GNNT"."E_FUNDS" VALUES ('gnnt09001', '0', '0', '0', '0');
INSERT INTO "TRADE_GNNT"."E_FUNDS" VALUES ('000200002', '0', '0', '0', '0');
INSERT INTO "TRADE_GNNT"."E_FUNDS" VALUES ('000301011', '0', '0', '0', '0');
INSERT INTO "TRADE_GNNT"."E_FUNDS" VALUES ('000301012', '0', '0', '0', '0');
INSERT INTO "TRADE_GNNT"."E_FUNDS" VALUES ('HMR02', '0', '0', '0', '0');
INSERT INTO "TRADE_GNNT"."E_FUNDS" VALUES ('xh014', '0', '0', '0', '0');
INSERT INTO "TRADE_GNNT"."E_FUNDS" VALUES ('gnnt65432', '0', '0', '0', '0');
INSERT INTO "TRADE_GNNT"."E_FUNDS" VALUES ('jsb002', '0', '0', '0', '0');
INSERT INTO "TRADE_GNNT"."E_FUNDS" VALUES ('gnnt021', '0', '0', '0', '0');
INSERT INTO "TRADE_GNNT"."E_FUNDS" VALUES ('gnnt022', '0', '0', '0', '0');
INSERT INTO "TRADE_GNNT"."E_FUNDS" VALUES ('jsb003', '0', '0', '0', '0');
INSERT INTO "TRADE_GNNT"."E_FUNDS" VALUES ('607000008', '0', '0', '0', '0');
INSERT INTO "TRADE_GNNT"."E_FUNDS" VALUES ('607000009', '0', '0', '0', '0');
INSERT INTO "TRADE_GNNT"."E_FUNDS" VALUES ('000200007', '0', '0', '0', '0');
INSERT INTO "TRADE_GNNT"."E_FUNDS" VALUES ('666', '0', '0', '0', '0');
INSERT INTO "TRADE_GNNT"."E_FUNDS" VALUES ('PG001', '0', '0', '0', '0');
INSERT INTO "TRADE_GNNT"."E_FUNDS" VALUES ('182', '0', '0', '0', '0');
INSERT INTO "TRADE_GNNT"."E_FUNDS" VALUES ('YXG', '0', '0', '0', '0');
INSERT INTO "TRADE_GNNT"."E_FUNDS" VALUES ('606000028', '0', '0', '0', '0');
INSERT INTO "TRADE_GNNT"."E_FUNDS" VALUES ('607000030', '0', '0', '0', '0');
INSERT INTO "TRADE_GNNT"."E_FUNDS" VALUES ('606000034', '0', '0', '0', '0');
INSERT INTO "TRADE_GNNT"."E_FUNDS" VALUES ('123456', '0', '0', '0', '0');
INSERT INTO "TRADE_GNNT"."E_FUNDS" VALUES ('07280007', '0', '0', '0', '0');
INSERT INTO "TRADE_GNNT"."E_FUNDS" VALUES ('07280010', '0', '0', '0', '0');
INSERT INTO "TRADE_GNNT"."E_FUNDS" VALUES ('5050000000333', '0', '0', '0', '0');
INSERT INTO "TRADE_GNNT"."E_FUNDS" VALUES ('xh011', '0', '0', '0', '0');
INSERT INTO "TRADE_GNNT"."E_FUNDS" VALUES ('hyl', '0', '0', '0', '0');
INSERT INTO "TRADE_GNNT"."E_FUNDS" VALUES ('606010007', '0', '0', '0', '0');
INSERT INTO "TRADE_GNNT"."E_FUNDS" VALUES ('000200004', '0', '0', '0', '0');
INSERT INTO "TRADE_GNNT"."E_FUNDS" VALUES ('xh015', '0', '0', '0', '0');
INSERT INTO "TRADE_GNNT"."E_FUNDS" VALUES ('gnnt98765', '0', '0', '0', '0');
INSERT INTO "TRADE_GNNT"."E_FUNDS" VALUES ('gnnt09003', '0', '0', '0', '0');
INSERT INTO "TRADE_GNNT"."E_FUNDS" VALUES ('607', '0', '0', '0', '0');
INSERT INTO "TRADE_GNNT"."E_FUNDS" VALUES ('606010014', '0', '0', '0', '0');
INSERT INTO "TRADE_GNNT"."E_FUNDS" VALUES ('607000003', '0', '0', '0', '0');
INSERT INTO "TRADE_GNNT"."E_FUNDS" VALUES ('gnnt09004', '0', '0', '0', '0');
INSERT INTO "TRADE_GNNT"."E_FUNDS" VALUES ('606000017', '0', '0', '0', '0');
INSERT INTO "TRADE_GNNT"."E_FUNDS" VALUES ('606000018', '0', '0', '0', '0');
INSERT INTO "TRADE_GNNT"."E_FUNDS" VALUES ('606000019', '0', '0', '0', '0');
INSERT INTO "TRADE_GNNT"."E_FUNDS" VALUES ('606000021', '0', '0', '0', '0');
INSERT INTO "TRADE_GNNT"."E_FUNDS" VALUES ('002000002', '0', '0', '0', '0');
INSERT INTO "TRADE_GNNT"."E_FUNDS" VALUES ('hy001', '0', '0', '0', '0');
INSERT INTO "TRADE_GNNT"."E_FUNDS" VALUES ('gnnt09009', '0', '0', '0', '0');
INSERT INTO "TRADE_GNNT"."E_FUNDS" VALUES ('622000000', '0', '0', '0', '0');
INSERT INTO "TRADE_GNNT"."E_FUNDS" VALUES ('gnnt09012', '0', '0', '0', '0');
INSERT INTO "TRADE_GNNT"."E_FUNDS" VALUES ('606000031', '0', '0', '0', '0');
INSERT INTO "TRADE_GNNT"."E_FUNDS" VALUES ('606000032', '0', '0', '0', '0');
INSERT INTO "TRADE_GNNT"."E_FUNDS" VALUES ('777777', '0', '0', '0', '0');
INSERT INTO "TRADE_GNNT"."E_FUNDS" VALUES ('07280006', '0', '0', '0', '0');
INSERT INTO "TRADE_GNNT"."E_FUNDS" VALUES ('07280014', '0', '0', '0', '0');
INSERT INTO "TRADE_GNNT"."E_FUNDS" VALUES ('07280017', '0', '0', '0', '0');
INSERT INTO "TRADE_GNNT"."E_FUNDS" VALUES ('07280018', '0', '0', '0', '0');
INSERT INTO "TRADE_GNNT"."E_FUNDS" VALUES ('07280019', '0', '0', '0', '0');
INSERT INTO "TRADE_GNNT"."E_FUNDS" VALUES ('07280030', '0', '0', '0', '0');

-- ----------------------------
-- Table structure for E_GOODSMONEYAPPLY
-- ----------------------------
DROP TABLE "TRADE_GNNT"."E_GOODSMONEYAPPLY";
CREATE TABLE "TRADE_GNNT"."E_GOODSMONEYAPPLY" (
"ID" NUMBER(15) NOT NULL ,
"TRADENO" NUMBER(15) NOT NULL ,
"TYPE" NUMBER(2) NOT NULL ,
"STATUS" NUMBER(1) DEFAULT 0  NOT NULL ,
"CREATETIME" DATE NOT NULL ,
"PROCESSTIME" DATE NULL 
)
LOGGING
NOCOMPRESS
NOCACHE

;
COMMENT ON COLUMN "TRADE_GNNT"."E_GOODSMONEYAPPLY"."TRADENO" IS '1 入金 2 出金 3 扣款';
COMMENT ON COLUMN "TRADE_GNNT"."E_GOODSMONEYAPPLY"."TYPE" IS '0 首款追缴 1 第二笔货款追缴 2 尾款追缴';
COMMENT ON COLUMN "TRADE_GNNT"."E_GOODSMONEYAPPLY"."STATUS" IS '0 卖方申请，1 卖方撤销，2 管理员撤销，3  系统撤销，4 已处理';

-- ----------------------------
-- Records of E_GOODSMONEYAPPLY
-- ----------------------------

-- ----------------------------
-- Table structure for E_GOODSMONEYAPPLY_H
-- ----------------------------
DROP TABLE "TRADE_GNNT"."E_GOODSMONEYAPPLY_H";
CREATE TABLE "TRADE_GNNT"."E_GOODSMONEYAPPLY_H" (
"ID" NUMBER(15) NOT NULL ,
"TRADENO" NUMBER(15) NOT NULL ,
"TYPE" NUMBER(2) NULL ,
"STATUS" NUMBER(1) DEFAULT 0  NOT NULL ,
"CREATETIME" DATE NOT NULL ,
"PROCESSTIME" DATE NULL 
)
LOGGING
NOCOMPRESS
NOCACHE

;
COMMENT ON COLUMN "TRADE_GNNT"."E_GOODSMONEYAPPLY_H"."TRADENO" IS '1 入金 2 出金 3 扣款';
COMMENT ON COLUMN "TRADE_GNNT"."E_GOODSMONEYAPPLY_H"."TYPE" IS '0 首款追缴 1 第二笔货款追缴 2 尾款追缴';
COMMENT ON COLUMN "TRADE_GNNT"."E_GOODSMONEYAPPLY_H"."STATUS" IS '0 卖方申请，1 卖方撤销，2 管理员撤销，3  系统撤销，4 已处理';

-- ----------------------------
-- Records of E_GOODSMONEYAPPLY_H
-- ----------------------------

-- ----------------------------
-- Table structure for E_GOODSPROPERTY
-- ----------------------------
DROP TABLE "TRADE_GNNT"."E_GOODSPROPERTY";
CREATE TABLE "TRADE_GNNT"."E_GOODSPROPERTY" (
"ORDERID" NUMBER(15) NOT NULL ,
"PROPERTYNAME" VARCHAR2(64 BYTE) NOT NULL ,
"PROPERTYVALUE" VARCHAR2(64 BYTE) NULL ,
"PROPERTYTYPEID" NUMBER(15) NOT NULL 
)
LOGGING
NOCOMPRESS
NOCACHE

;

-- ----------------------------
-- Records of E_GOODSPROPERTY
-- ----------------------------

-- ----------------------------
-- Table structure for E_GOODSPROPERTY_H
-- ----------------------------
DROP TABLE "TRADE_GNNT"."E_GOODSPROPERTY_H";
CREATE TABLE "TRADE_GNNT"."E_GOODSPROPERTY_H" (
"PROPERTYNAME" VARCHAR2(64 BYTE) NOT NULL ,
"ORDERID" NUMBER(15) NOT NULL ,
"PROPERTYVALUE" VARCHAR2(64 BYTE) NULL ,
"PROPERTYTYPEID" NUMBER(15) NOT NULL 
)
LOGGING
NOCOMPRESS
NOCACHE

;

-- ----------------------------
-- Records of E_GOODSPROPERTY_H
-- ----------------------------
INSERT INTO "TRADE_GNNT"."E_GOODSPROPERTY_H" VALUES ('品牌', '1504241000003', '汇元', '1');
INSERT INTO "TRADE_GNNT"."E_GOODSPROPERTY_H" VALUES ('产地', '1504241000003', '鸡西', '1');
INSERT INTO "TRADE_GNNT"."E_GOODSPROPERTY_H" VALUES ('产地', '1504241000004', '江苏', '1');
INSERT INTO "TRADE_GNNT"."E_GOODSPROPERTY_H" VALUES ('等级', '1504241000004', '等级二', '2');
INSERT INTO "TRADE_GNNT"."E_GOODSPROPERTY_H" VALUES ('等级', '1504241000005', '等级一', '2');
INSERT INTO "TRADE_GNNT"."E_GOODSPROPERTY_H" VALUES ('产地', '1504241000005', '江苏', '1');
INSERT INTO "TRADE_GNNT"."E_GOODSPROPERTY_H" VALUES ('等级', '1504241000006', '等级一', '2');
INSERT INTO "TRADE_GNNT"."E_GOODSPROPERTY_H" VALUES ('产地', '1504241000006', '江苏', '1');
INSERT INTO "TRADE_GNNT"."E_GOODSPROPERTY_H" VALUES ('等级', '1504241000007', '等级一', '2');
INSERT INTO "TRADE_GNNT"."E_GOODSPROPERTY_H" VALUES ('产地', '1504241000007', '江苏', '1');
INSERT INTO "TRADE_GNNT"."E_GOODSPROPERTY_H" VALUES ('等级', '1504241000008', '等级二', '2');
INSERT INTO "TRADE_GNNT"."E_GOODSPROPERTY_H" VALUES ('产地', '1504241000008', '江苏', '1');
INSERT INTO "TRADE_GNNT"."E_GOODSPROPERTY_H" VALUES ('品牌', '1504241000009', '汇元', '1');
INSERT INTO "TRADE_GNNT"."E_GOODSPROPERTY_H" VALUES ('产地', '1504241000009', '鸡西', '1');
INSERT INTO "TRADE_GNNT"."E_GOODSPROPERTY_H" VALUES ('产地', '1504241000010', '江苏', '1');
INSERT INTO "TRADE_GNNT"."E_GOODSPROPERTY_H" VALUES ('等级', '1504241000010', '等级一', '2');
INSERT INTO "TRADE_GNNT"."E_GOODSPROPERTY_H" VALUES ('品牌', '1504241000011', '汇元', '1');
INSERT INTO "TRADE_GNNT"."E_GOODSPROPERTY_H" VALUES ('产地', '1504241000011', '鸡西', '1');
INSERT INTO "TRADE_GNNT"."E_GOODSPROPERTY_H" VALUES ('产地', '1504241000012', '无锡', '1');
INSERT INTO "TRADE_GNNT"."E_GOODSPROPERTY_H" VALUES ('品牌', '1504241000012', '银牌', '120');
INSERT INTO "TRADE_GNNT"."E_GOODSPROPERTY_H" VALUES ('质量指标', '1504241000012', '一等品', '2');
INSERT INTO "TRADE_GNNT"."E_GOODSPROPERTY_H" VALUES ('等级', '1504241000000', '等级一', '2');
INSERT INTO "TRADE_GNNT"."E_GOODSPROPERTY_H" VALUES ('产地', '1504241000000', '江苏', '1');
INSERT INTO "TRADE_GNNT"."E_GOODSPROPERTY_H" VALUES ('等级', '1504241000001', '等级一', '2');
INSERT INTO "TRADE_GNNT"."E_GOODSPROPERTY_H" VALUES ('产地', '1504241000001', '江苏', '1');
INSERT INTO "TRADE_GNNT"."E_GOODSPROPERTY_H" VALUES ('产地', '1504241000002', '江苏', '1');
INSERT INTO "TRADE_GNNT"."E_GOODSPROPERTY_H" VALUES ('等级', '1504241000002', '等级一', '2');
INSERT INTO "TRADE_GNNT"."E_GOODSPROPERTY_H" VALUES ('产地', '1508181000020', '鸡西', '1');
INSERT INTO "TRADE_GNNT"."E_GOODSPROPERTY_H" VALUES ('品牌', '1508181000020', '汇元', '1');
INSERT INTO "TRADE_GNNT"."E_GOODSPROPERTY_H" VALUES ('交收属性', '1508181000021', '公路运输', '1');
INSERT INTO "TRADE_GNNT"."E_GOODSPROPERTY_H" VALUES ('质量等级', '1508181000021', 'GB/T3158-2008鳞片石墨-195', '2');
INSERT INTO "TRADE_GNNT"."E_GOODSPROPERTY_H" VALUES ('产地', '1508181000021', '鸡西', '1');
INSERT INTO "TRADE_GNNT"."E_GOODSPROPERTY_H" VALUES ('品牌', '1508181000021', '汇元', '1');
INSERT INTO "TRADE_GNNT"."E_GOODSPROPERTY_H" VALUES ('产地', '1508181000022', '鸡西', '1');
INSERT INTO "TRADE_GNNT"."E_GOODSPROPERTY_H" VALUES ('品牌', '1508181000022', '汇元', '1');
INSERT INTO "TRADE_GNNT"."E_GOODSPROPERTY_H" VALUES ('产地', '1508181000023', '鸡西', '1');
INSERT INTO "TRADE_GNNT"."E_GOODSPROPERTY_H" VALUES ('交收属性', '1508181000023', '公路运输', '1');
INSERT INTO "TRADE_GNNT"."E_GOODSPROPERTY_H" VALUES ('品牌', '1508181000023', '汇元', '1');
INSERT INTO "TRADE_GNNT"."E_GOODSPROPERTY_H" VALUES ('质量等级', '1508181000023', 'GB/T3158-2008鳞片石墨-195', '2');
INSERT INTO "TRADE_GNNT"."E_GOODSPROPERTY_H" VALUES ('产地', '1508181000024', '鸡西', '1');
INSERT INTO "TRADE_GNNT"."E_GOODSPROPERTY_H" VALUES ('交收属性', '1508181000024', '公路运输', '1');
INSERT INTO "TRADE_GNNT"."E_GOODSPROPERTY_H" VALUES ('品牌', '1508181000024', '汇元', '1');
INSERT INTO "TRADE_GNNT"."E_GOODSPROPERTY_H" VALUES ('质量等级', '1508181000024', 'GB/T3158-2008鳞片石墨-195', '2');

-- ----------------------------
-- Table structure for E_GOODSRESOURCE
-- ----------------------------
DROP TABLE "TRADE_GNNT"."E_GOODSRESOURCE";
CREATE TABLE "TRADE_GNNT"."E_GOODSRESOURCE" (
"RESOURCEID" NUMBER(15) NOT NULL ,
"ORDERTITLE" VARCHAR2(128 BYTE) NOT NULL ,
"BREEDID" NUMBER(10) NOT NULL ,
"CATEGORYID" NUMBER(10) NOT NULL ,
"BSFLAG" CHAR(1 BYTE) NOT NULL ,
"FIRMID" VARCHAR2(32 BYTE) NOT NULL ,
"PRICE" NUMBER(15,2) NOT NULL ,
"QUANTITY" NUMBER(15,2) DEFAULT 0  NOT NULL ,
"UNIT" VARCHAR2(16 BYTE) NOT NULL ,
"TRADEPRETIME" NUMBER(10) NOT NULL ,
"TRADEMARGIN_B" NUMBER(15,2) NOT NULL ,
"TRADEMARGIN_S" NUMBER(15,2) NOT NULL ,
"DELIVERYDAYTYPE" NUMBER(1) NOT NULL ,
"DELIVERYPRETIME" NUMBER(10) NULL ,
"DELIVERYDAY" DATE NULL ,
"DELIVERYMARGIN_B" NUMBER(15,2) NOT NULL ,
"DELIVERYMARGIN_S" NUMBER(15,2) NOT NULL ,
"DELIVERYTYPE" NUMBER(1) NULL ,
"WAREHOUSEID" VARCHAR2(30 BYTE) DEFAULT 0  NULL ,
"DELIVERYADDRESS" VARCHAR2(64 BYTE) NULL ,
"TRADERID" VARCHAR2(40 BYTE) NULL ,
"VALIDTIME" NUMBER(10) DEFAULT -1  NOT NULL ,
"MINTRADEQTY" NUMBER(15,2) NULL ,
"TRADEUNIT" NUMBER(15,2) NULL ,
"ISPICKOFF" VARCHAR2(1 BYTE) NULL ,
"ISSUBORDER" VARCHAR2(1 BYTE) NULL ,
"TRADETYPE" NUMBER(1) DEFAULT 0  NOT NULL ,
"PAYTYPE" NUMBER(1) NULL ,
"REMARK" VARCHAR2(1000 BYTE) NULL ,
"ISORDERED" NUMBER(1) DEFAULT 0  NOT NULL 
)
LOGGING
NOCOMPRESS
NOCACHE

;
COMMENT ON COLUMN "TRADE_GNNT"."E_GOODSRESOURCE"."ORDERTITLE" IS '委托时的标题，默认为商品分类名+品名。';
COMMENT ON COLUMN "TRADE_GNNT"."E_GOODSRESOURCE"."BSFLAG" IS '''B'' 买 ''S'' 卖';
COMMENT ON COLUMN "TRADE_GNNT"."E_GOODSRESOURCE"."TRADEPRETIME" IS '以秒为单位';
COMMENT ON COLUMN "TRADE_GNNT"."E_GOODSRESOURCE"."DELIVERYDAYTYPE" IS '0：指定准备天数 1：指定最后交割日';
COMMENT ON COLUMN "TRADE_GNNT"."E_GOODSRESOURCE"."DELIVERYPRETIME" IS '以秒为单位';
COMMENT ON COLUMN "TRADE_GNNT"."E_GOODSRESOURCE"."DELIVERYTYPE" IS '1：指定仓库交收 2：指定交收地交收';
COMMENT ON COLUMN "TRADE_GNNT"."E_GOODSRESOURCE"."VALIDTIME" IS '委托有效期：-1 不限制 以秒为单位';
COMMENT ON COLUMN "TRADE_GNNT"."E_GOODSRESOURCE"."TRADETYPE" IS '0： 协议交收 1：自主交收 ';
COMMENT ON COLUMN "TRADE_GNNT"."E_GOODSRESOURCE"."PAYTYPE" IS '0： 先款后货 1： 先货后款 2：不限制';
COMMENT ON COLUMN "TRADE_GNNT"."E_GOODSRESOURCE"."ISORDERED" IS '是否已挂牌：0 否 1 是';

-- ----------------------------
-- Records of E_GOODSRESOURCE
-- ----------------------------

-- ----------------------------
-- Table structure for E_GOODSRESOURCEPIC
-- ----------------------------
DROP TABLE "TRADE_GNNT"."E_GOODSRESOURCEPIC";
CREATE TABLE "TRADE_GNNT"."E_GOODSRESOURCEPIC" (
"ID" NUMBER(15) NOT NULL ,
"RESOURCEID" NUMBER(15) NOT NULL ,
"PICTURE" BLOB NOT NULL 
)
LOGGING
NOCOMPRESS
NOCACHE

;

-- ----------------------------
-- Records of E_GOODSRESOURCEPIC
-- ----------------------------

-- ----------------------------
-- Table structure for E_GOODSRESOURCEPROPERTY
-- ----------------------------
DROP TABLE "TRADE_GNNT"."E_GOODSRESOURCEPROPERTY";
CREATE TABLE "TRADE_GNNT"."E_GOODSRESOURCEPROPERTY" (
"RESOURCEID" NUMBER(15) NOT NULL ,
"PROPERTYNAME" VARCHAR2(64 BYTE) NOT NULL ,
"PROPERTYVALUE" VARCHAR2(64 BYTE) NULL ,
"PROPERTYTYPEID" NUMBER(15) NOT NULL 
)
LOGGING
NOCOMPRESS
NOCACHE

;

-- ----------------------------
-- Records of E_GOODSRESOURCEPROPERTY
-- ----------------------------

-- ----------------------------
-- Table structure for E_GOODSTEMPLATE
-- ----------------------------
DROP TABLE "TRADE_GNNT"."E_GOODSTEMPLATE";
CREATE TABLE "TRADE_GNNT"."E_GOODSTEMPLATE" (
"TEMPLATEID" NUMBER(15) NOT NULL ,
"ORDERTITLE" VARCHAR2(128 BYTE) NULL ,
"BREEDID" NUMBER(10) NOT NULL ,
"CATEGORYID" NUMBER(10) NOT NULL ,
"BSFLAG" CHAR(1 BYTE) NOT NULL ,
"PRICE" NUMBER(15,2) NULL ,
"QUANTITY" NUMBER(15,2) NULL ,
"UNIT" VARCHAR2(16 BYTE) NOT NULL ,
"TRADEPRETIME" NUMBER(10) NULL ,
"TRADEMARGIN_B" NUMBER(15,2) NULL ,
"TRADEMARGIN_S" NUMBER(15,2) NULL ,
"DELIVERYDAYTYPE" NUMBER(1) NULL ,
"DELIVERYPRETIME" NUMBER(10) NULL ,
"DELIVERYDAY" DATE NULL ,
"DELIVERYMARGIN_B" NUMBER(15,2) NULL ,
"DELIVERYMARGIN_S" NUMBER(15,2) NULL ,
"DELIVERYTYPE" NUMBER(1) NULL ,
"WAREHOUSEID" VARCHAR2(30 BYTE) DEFAULT 0  NULL ,
"DELIVERYADDRESS" VARCHAR2(64 BYTE) NULL ,
"REMARK" VARCHAR2(1000 BYTE) NULL ,
"VALIDTIME" NUMBER(10) DEFAULT -1  NULL ,
"MINTRADEQTY" NUMBER(15,2) NULL ,
"TRADEUNIT" NUMBER(10,2) NULL ,
"ISPICKOFF" VARCHAR2(1 BYTE) NULL ,
"ISSUBORDER" VARCHAR2(1 BYTE) NULL ,
"TRADETYPE" NUMBER(1) DEFAULT 0  NOT NULL ,
"PAYTYPE" NUMBER(1) NULL ,
"BELONGTOUSER" VARCHAR2(32 BYTE) NOT NULL ,
"TEMPLATETYPE" NUMBER(2) NULL 
)
LOGGING
NOCOMPRESS
NOCACHE

;
COMMENT ON COLUMN "TRADE_GNNT"."E_GOODSTEMPLATE"."ORDERTITLE" IS '委托时的标题，默认为商品分类名+品名。';
COMMENT ON COLUMN "TRADE_GNNT"."E_GOODSTEMPLATE"."BSFLAG" IS '''B'' 买 ''S'' 卖';
COMMENT ON COLUMN "TRADE_GNNT"."E_GOODSTEMPLATE"."TRADEPRETIME" IS '以秒为单位';
COMMENT ON COLUMN "TRADE_GNNT"."E_GOODSTEMPLATE"."DELIVERYDAYTYPE" IS '0：指定准备天数 1：指定最后交割日';
COMMENT ON COLUMN "TRADE_GNNT"."E_GOODSTEMPLATE"."DELIVERYPRETIME" IS '一秒为单位';
COMMENT ON COLUMN "TRADE_GNNT"."E_GOODSTEMPLATE"."DELIVERYTYPE" IS '1：指定仓库交收 2：指定交收地交收';
COMMENT ON COLUMN "TRADE_GNNT"."E_GOODSTEMPLATE"."VALIDTIME" IS '委托有效期：-1 不限制 以秒为单位';
COMMENT ON COLUMN "TRADE_GNNT"."E_GOODSTEMPLATE"."ISPICKOFF" IS 'Y 允许 N不允许';
COMMENT ON COLUMN "TRADE_GNNT"."E_GOODSTEMPLATE"."ISSUBORDER" IS 'Y 允许 N不允许';
COMMENT ON COLUMN "TRADE_GNNT"."E_GOODSTEMPLATE"."TRADETYPE" IS '0： 协议交收 1：自主交收 ';
COMMENT ON COLUMN "TRADE_GNNT"."E_GOODSTEMPLATE"."PAYTYPE" IS '0： 先款后货 1： 先货后款 2：不限制';
COMMENT ON COLUMN "TRADE_GNNT"."E_GOODSTEMPLATE"."BELONGTOUSER" IS '系统模板 system 其它为交易商代码';
COMMENT ON COLUMN "TRADE_GNNT"."E_GOODSTEMPLATE"."TEMPLATETYPE" IS '0： 系统模版 1：用户模版';

-- ----------------------------
-- Records of E_GOODSTEMPLATE
-- ----------------------------
INSERT INTO "TRADE_GNNT"."E_GOODSTEMPLATE" VALUES ('4', '棉布', '1140', '1041', 'S', '1000', '100', '批', '7200', '1000', '1000', '0', '86400', null, '20000', '20000', '1', '2', null, null, '86400', '100', '100', 'Y', 'Y', '0', '0', 'xh010', '1');
INSERT INTO "TRADE_GNNT"."E_GOODSTEMPLATE" VALUES ('5', '涤纶化纤', '1142', '1043', 'S', '1000', '100', '吨', '7200', '1000', '1000', '0', '18000', null, '20000', '20000', '2', '0', '长三角商品交易所', '呵呵', '86400', '100', '100', 'Y', 'N', '0', '0', 'xh007', '1');
INSERT INTO "TRADE_GNNT"."E_GOODSTEMPLATE" VALUES ('1', '棉布', '1140', '1041', 'B', '1000', '100', '批', '7200', '1000', '1000', '0', '18000', null, '20000', '20000', '1', '0001', null, null, '86400', '100', '100', 'Y', 'Y', '1', '0', '505000000000001', '1');
INSERT INTO "TRADE_GNNT"."E_GOODSTEMPLATE" VALUES ('2', '棉布', '1140', '1041', 'S', '120', '1000', '批', '7200', '1000', '1000', '0', '18000', null, '24000', '24000', '1', '0001', null, null, '86400', '1000', '1000', 'Y', 'Y', '1', '0', 'xh011', '1');

-- ----------------------------
-- Table structure for E_GOODSTEMPLATEPROPERTY
-- ----------------------------
DROP TABLE "TRADE_GNNT"."E_GOODSTEMPLATEPROPERTY";
CREATE TABLE "TRADE_GNNT"."E_GOODSTEMPLATEPROPERTY" (
"PROPERTYNAME" VARCHAR2(64 BYTE) NOT NULL ,
"TEMPLATEID" NUMBER(15) NOT NULL ,
"PROPERTYVALUE" VARCHAR2(1000 BYTE) NULL ,
"PROPERTYTYPEID" NUMBER(15) NOT NULL 
)
LOGGING
NOCOMPRESS
NOCACHE

;

-- ----------------------------
-- Records of E_GOODSTEMPLATEPROPERTY
-- ----------------------------
INSERT INTO "TRADE_GNNT"."E_GOODSTEMPLATEPROPERTY" VALUES ('产地', '4', '江苏', '1');
INSERT INTO "TRADE_GNNT"."E_GOODSTEMPLATEPROPERTY" VALUES ('等级', '4', '等级一', '2');
INSERT INTO "TRADE_GNNT"."E_GOODSTEMPLATEPROPERTY" VALUES ('品牌', '5', '银牌', '120');
INSERT INTO "TRADE_GNNT"."E_GOODSTEMPLATEPROPERTY" VALUES ('产地', '5', '无锡', '1');
INSERT INTO "TRADE_GNNT"."E_GOODSTEMPLATEPROPERTY" VALUES ('质量指标', '5', '一等品', '2');
INSERT INTO "TRADE_GNNT"."E_GOODSTEMPLATEPROPERTY" VALUES ('产地', '1', '江苏', '1');
INSERT INTO "TRADE_GNNT"."E_GOODSTEMPLATEPROPERTY" VALUES ('等级', '1', '等级一', '2');
INSERT INTO "TRADE_GNNT"."E_GOODSTEMPLATEPROPERTY" VALUES ('等级', '2', '等级一', '2');
INSERT INTO "TRADE_GNNT"."E_GOODSTEMPLATEPROPERTY" VALUES ('产地', '2', '江苏', '1');

-- ----------------------------
-- Table structure for E_HOLDING
-- ----------------------------
DROP TABLE "TRADE_GNNT"."E_HOLDING";
CREATE TABLE "TRADE_GNNT"."E_HOLDING" (
"HOLDINGID" NUMBER(15) NOT NULL ,
"TRADENO" NUMBER(15) NOT NULL ,
"FIRMID" VARCHAR2(32 BYTE) NOT NULL ,
"BSFLAG" CHAR(1 BYTE) NOT NULL ,
"REALMONEY" NUMBER(15,2) NULL ,
"PAYMARGIN" NUMBER(15,2) NULL ,
"PAYGOODSMONEY" NUMBER(15,2) NULL ,
"PAYOFF" NUMBER(15,2) NULL ,
"RECEIVE" NUMBER(15,2) NULL ,
"TRANSFERMONEY" NUMBER(15,2) NULL ,
"STATUS" NUMBER(1) NULL ,
"BREACHAPPLYID" NUMBER(10) NOT NULL ,
"OFFSETID" NUMBER(10) NOT NULL 
)
LOGGING
NOCOMPRESS
NOCACHE

;
COMMENT ON COLUMN "TRADE_GNNT"."E_HOLDING"."BSFLAG" IS '''B'' 买 ''S'' 卖';
COMMENT ON COLUMN "TRADE_GNNT"."E_HOLDING"."PAYGOODSMONEY" IS '如果是买方则为转入货款/如果是卖方则为转入货物数量';
COMMENT ON COLUMN "TRADE_GNNT"."E_HOLDING"."PAYOFF" IS '如果是买方则为已支付货款/如果是卖方则为已支付货物数量';
COMMENT ON COLUMN "TRADE_GNNT"."E_HOLDING"."STATUS" IS ' 1:等待支付货款/仓单 2：已支付货款/仓单3：交易完成   4:自己违约 5 对方违约';
COMMENT ON COLUMN "TRADE_GNNT"."E_HOLDING"."OFFSETID" IS '-1 尚未处理 0 无损益 其它为损益代码';

-- ----------------------------
-- Records of E_HOLDING
-- ----------------------------
INSERT INTO "TRADE_GNNT"."E_HOLDING" VALUES ('1504241000004', '1504241000008', 'xh012', 'B', '2000', '2000', '0', '0', '0', '0', '1', '-1', '-1');
INSERT INTO "TRADE_GNNT"."E_HOLDING" VALUES ('1504241000005', '1504241000008', 'xh004', 'S', '2000', '2000', '0', '0', '0', '0', '1', '-1', '-1');
INSERT INTO "TRADE_GNNT"."E_HOLDING" VALUES ('1504241000006', '1504241000007', 'xh004', 'B', '79000', '0', '100000', '20000', '100', '1000', '2', '-1', '2');
INSERT INTO "TRADE_GNNT"."E_HOLDING" VALUES ('1504241000007', '1504241000007', 'xh010', 'S', '0', '0', '100', '100', '20000', '20000', '2', '-1', '2');
INSERT INTO "TRADE_GNNT"."E_HOLDING" VALUES ('1504241000008', '1504241000009', 'xh013', 'B', '20000', '0', '20000', '0', '0', '0', '2', '-1', '-1');
INSERT INTO "TRADE_GNNT"."E_HOLDING" VALUES ('1504241000009', '1504241000009', 'xh004', 'S', '4000', '4000', '0', '0', '0', '0', '1', '-1', '-1');
INSERT INTO "TRADE_GNNT"."E_HOLDING" VALUES ('1504241000010', '1504241000010', 'xh005', 'B', '3500', '0', '3500', '0', '0', '0', '2', '-1', '-1');
INSERT INTO "TRADE_GNNT"."E_HOLDING" VALUES ('1504241000011', '1504241000010', 'xh006', 'S', '700', '700', '0', '0', '0', '0', '1', '-1', '-1');
INSERT INTO "TRADE_GNNT"."E_HOLDING" VALUES ('1504241000012', '1504241000011', '50500000100', 'B', '6500', '0', '6500', '0', '0', '0', '2', '1000001', '-1');
INSERT INTO "TRADE_GNNT"."E_HOLDING" VALUES ('1504241000013', '1504241000011', '60600000100', 'S', '1300', '1300', '0', '0', '0', '0', '1', '1000001', '-1');
INSERT INTO "TRADE_GNNT"."E_HOLDING" VALUES ('1504241000014', '1504241000012', 'xh007', 'B', '700', '700', '0', '0', '0', '0', '1', '-1', '-1');
INSERT INTO "TRADE_GNNT"."E_HOLDING" VALUES ('1504241000015', '1504241000012', 'xh006', 'S', '700', '700', '0', '0', '0', '0', '1', '-1', '-1');
INSERT INTO "TRADE_GNNT"."E_HOLDING" VALUES ('1504241000016', '1504241000013', 'xh005', 'B', '20000', '0', '20000', '0', '0', '0', '2', '-1', '-1');
INSERT INTO "TRADE_GNNT"."E_HOLDING" VALUES ('1504241000017', '1504241000013', 'xh013', 'S', '4000', '4000', '0', '0', '0', '0', '1', '-1', '-1');
INSERT INTO "TRADE_GNNT"."E_HOLDING" VALUES ('1504241000018', '1504241000014', 'xh006', 'B', '20000', '20000', '0', '0', '0', '0', '1', '-1', '-1');
INSERT INTO "TRADE_GNNT"."E_HOLDING" VALUES ('1504241000019', '1504241000014', 'xh007', 'S', '20000', '20000', '0', '0', '0', '0', '1', '-1', '-1');

-- ----------------------------
-- Table structure for E_HOLDING_H
-- ----------------------------
DROP TABLE "TRADE_GNNT"."E_HOLDING_H";
CREATE TABLE "TRADE_GNNT"."E_HOLDING_H" (
"HOLDINGID" NUMBER(15) NOT NULL ,
"TRADENO" NUMBER(15) NOT NULL ,
"FIRMID" VARCHAR2(32 BYTE) NOT NULL ,
"BSFLAG" CHAR(1 BYTE) NOT NULL ,
"REALMONEY" NUMBER(15,2) NULL ,
"PAYMARGIN" NUMBER(15,2) NULL ,
"PAYGOODSMONEY" NUMBER(15,2) NULL ,
"PAYOFF" NUMBER(15,2) NULL ,
"RECEIVE" NUMBER(15,2) NULL ,
"TRANSFERMONEY" NUMBER(15,2) NULL ,
"STATUS" NUMBER(1) NULL ,
"BREACHAPPLYID" NUMBER(10) NOT NULL ,
"OFFSETID" NUMBER(10) NOT NULL 
)
LOGGING
NOCOMPRESS
NOCACHE

;
COMMENT ON COLUMN "TRADE_GNNT"."E_HOLDING_H"."BSFLAG" IS '''B'' 买 ''S'' 卖';
COMMENT ON COLUMN "TRADE_GNNT"."E_HOLDING_H"."PAYGOODSMONEY" IS '如果是买方则为转入货款/如果是卖方则为转入货物数量';
COMMENT ON COLUMN "TRADE_GNNT"."E_HOLDING_H"."PAYOFF" IS '如果是买方则为已支付货款/如果是卖方则为已支付货物数量';
COMMENT ON COLUMN "TRADE_GNNT"."E_HOLDING_H"."STATUS" IS ' 1:等待支付货款/仓单 2：已支付货款/仓单3：交易完成   4:自己违约 5 对方违约';
COMMENT ON COLUMN "TRADE_GNNT"."E_HOLDING_H"."OFFSETID" IS '-1 尚未处理 0 无损益 其它为损益代码';

-- ----------------------------
-- Records of E_HOLDING_H
-- ----------------------------
INSERT INTO "TRADE_GNNT"."E_HOLDING_H" VALUES ('1504241000000', '1504241000005', 'xh011', 'B', '0', '0', '300000', '299800', '1000', '200', '3', '-1', '1');
INSERT INTO "TRADE_GNNT"."E_HOLDING_H" VALUES ('1504241000001', '1504241000005', 'xh010', 'S', '0', '0', '1000', '1000', '299800', '299800', '3', '-1', '1');
INSERT INTO "TRADE_GNNT"."E_HOLDING_H" VALUES ('1504241000002', '1504241000006', 'xh010', 'B', '0', '0', '132000', '132000', '1000', '0', '3', '-1', '-1');
INSERT INTO "TRADE_GNNT"."E_HOLDING_H" VALUES ('1504241000003', '1504241000006', 'xh011', 'S', '0', '0', '1000', '1000', '132000', '132000', '3', '-1', '-1');
INSERT INTO "TRADE_GNNT"."E_HOLDING_H" VALUES ('1508181000020', '1508181000020', '50500000100', 'B', '0', '0', '34500', '34500', '100', '0', '3', '-1', '-1');
INSERT INTO "TRADE_GNNT"."E_HOLDING_H" VALUES ('1508181000021', '1508181000020', '60600000100', 'S', '0', '0', '100', '100', '34500', '34500', '3', '-1', '-1');
INSERT INTO "TRADE_GNNT"."E_HOLDING_H" VALUES ('1508181000022', '1508181000021', '50500000100', 'B', '0', '0', '40000', '40000', '100', '0', '3', '-1', '-1');
INSERT INTO "TRADE_GNNT"."E_HOLDING_H" VALUES ('1508181000023', '1508181000021', '60600000100', 'S', '0', '0', '100', '100', '40000', '40000', '3', '-1', '-1');
INSERT INTO "TRADE_GNNT"."E_HOLDING_H" VALUES ('1508181000024', '1508181000023', '60600000100', 'B', '0', '0', '80000', '80000', '100', '0', '3', '-1', '-1');
INSERT INTO "TRADE_GNNT"."E_HOLDING_H" VALUES ('1508181000025', '1508181000023', '50500000100', 'S', '0', '0', '100', '100', '80000', '80000', '3', '-1', '-1');
INSERT INTO "TRADE_GNNT"."E_HOLDING_H" VALUES ('1508181000026', '1508181000022', '60600000100', 'B', '0', '0', '80000', '80000', '100', '0', '3', '-1', '-1');
INSERT INTO "TRADE_GNNT"."E_HOLDING_H" VALUES ('1508181000027', '1508181000022', '50500000100', 'S', '0', '0', '100', '100', '80000', '80000', '3', '-1', '-1');
INSERT INTO "TRADE_GNNT"."E_HOLDING_H" VALUES ('1508181000028', '1508181000024', '60600000100', 'B', '0', '0', '750000', '750000', '1000', '0', '3', '-1', '-1');
INSERT INTO "TRADE_GNNT"."E_HOLDING_H" VALUES ('1508181000029', '1508181000024', '50500000100', 'S', '0', '0', '1000', '1000', '750000', '750000', '3', '-1', '-1');

-- ----------------------------
-- Table structure for E_MARKET
-- ----------------------------
DROP TABLE "TRADE_GNNT"."E_MARKET";
CREATE TABLE "TRADE_GNNT"."E_MARKET" (
"MARKETNAME" VARCHAR2(32 BYTE) NOT NULL ,
"TRADEDATE" DATE NOT NULL ,
"RUNMODE" CHAR(1 BYTE) DEFAULT 'A'  NOT NULL ,
"STATUS" NUMBER(2) DEFAULT 3  NOT NULL ,
"RECOVERTIME" VARCHAR2(10 BYTE) NULL 
)
LOGGING
NOCOMPRESS
NOCACHE

;
COMMENT ON COLUMN "TRADE_GNNT"."E_MARKET"."RUNMODE" IS '开市模式：
A：自动开市
M：手动开市';
COMMENT ON COLUMN "TRADE_GNNT"."E_MARKET"."STATUS" IS '状态：
1 交易状态
2 交易暂停状态
3 闭市状态
';
COMMENT ON COLUMN "TRADE_GNNT"."E_MARKET"."RECOVERTIME" IS '暂停指定恢复时间';

-- ----------------------------
-- Records of E_MARKET
-- ----------------------------
INSERT INTO "TRADE_GNNT"."E_MARKET" VALUES ('金网安泰', TO_DATE('2015-11-08 00:00:00', 'YYYY-MM-DD HH24:MI:SS'), 'A', '3', null);

-- ----------------------------
-- Table structure for E_NOOFFSET
-- ----------------------------
DROP TABLE "TRADE_GNNT"."E_NOOFFSET";
CREATE TABLE "TRADE_GNNT"."E_NOOFFSET" (
"ID" NUMBER(10) NOT NULL ,
"TRADENO" NUMBER(15) NOT NULL ,
"CREATETIME" DATE NOT NULL 
)
LOGGING
NOCOMPRESS
NOCACHE

;

-- ----------------------------
-- Records of E_NOOFFSET
-- ----------------------------

-- ----------------------------
-- Table structure for E_NOOFFSET_H
-- ----------------------------
DROP TABLE "TRADE_GNNT"."E_NOOFFSET_H";
CREATE TABLE "TRADE_GNNT"."E_NOOFFSET_H" (
"ID" NUMBER(10) NOT NULL ,
"TRADENO" NUMBER(15) NOT NULL ,
"CREATETIME" DATE NOT NULL 
)
LOGGING
NOCOMPRESS
NOCACHE

;

-- ----------------------------
-- Records of E_NOOFFSET_H
-- ----------------------------

-- ----------------------------
-- Table structure for E_OFFSET
-- ----------------------------
DROP TABLE "TRADE_GNNT"."E_OFFSET";
CREATE TABLE "TRADE_GNNT"."E_OFFSET" (
"OFFSETID" NUMBER(10) NOT NULL ,
"TRADENO" NUMBER(15) NOT NULL ,
"FIRMID" VARCHAR2(32 BYTE) NOT NULL ,
"OFFSET" NUMBER(15,2) NOT NULL ,
"STATUS" NUMBER(1) NOT NULL ,
"APPLYTIME" DATE NULL ,
"PROCESSTIME" DATE NULL 
)
LOGGING
NOCOMPRESS
NOCACHE

;
COMMENT ON COLUMN "TRADE_GNNT"."E_OFFSET"."OFFSETID" IS '-1 尚未处理 0 无损益 其它为损益代码';
COMMENT ON COLUMN "TRADE_GNNT"."E_OFFSET"."STATUS" IS '0：未处理 1：已撤销 2：已处理';

-- ----------------------------
-- Records of E_OFFSET
-- ----------------------------
INSERT INTO "TRADE_GNNT"."E_OFFSET" VALUES ('2', '1504241000007', 'xh004', '1000', '2', TO_DATE('2015-04-24 13:58:16', 'YYYY-MM-DD HH24:MI:SS'), TO_DATE('2015-04-24 14:06:16', 'YYYY-MM-DD HH24:MI:SS'));
INSERT INTO "TRADE_GNNT"."E_OFFSET" VALUES ('1', '1504241000005', 'xh011', '200', '2', TO_DATE('2015-04-24 10:26:50', 'YYYY-MM-DD HH24:MI:SS'), TO_DATE('2015-04-24 10:27:06', 'YYYY-MM-DD HH24:MI:SS'));

-- ----------------------------
-- Table structure for E_ORDER
-- ----------------------------
DROP TABLE "TRADE_GNNT"."E_ORDER";
CREATE TABLE "TRADE_GNNT"."E_ORDER" (
"ORDERID" NUMBER(15) NOT NULL ,
"ORDERTITLE" VARCHAR2(128 BYTE) NOT NULL ,
"BREEDID" NUMBER(10) NOT NULL ,
"CATEGORYID" NUMBER(10) NOT NULL ,
"BSFLAG" CHAR(1 BYTE) NOT NULL ,
"FIRMID" VARCHAR2(32 BYTE) NOT NULL ,
"PRICE" NUMBER(15,2) NOT NULL ,
"QUANTITY" NUMBER(15,2) DEFAULT 0  NOT NULL ,
"UNIT" VARCHAR2(16 BYTE) NOT NULL ,
"TRADEPRETIME" NUMBER(10) NOT NULL ,
"TRADEMARGIN_B" NUMBER(15,2) NOT NULL ,
"TRADEMARGIN_S" NUMBER(15,2) NOT NULL ,
"DELIVERYDAYTYPE" NUMBER(1) NOT NULL ,
"DELIVERYPRETIME" NUMBER(10) NULL ,
"DELIVERYDAY" DATE NULL ,
"DELIVERYMARGIN_B" NUMBER(15,2) NOT NULL ,
"DELIVERYMARGIN_S" NUMBER(15,2) NOT NULL ,
"DELIVERYTYPE" NUMBER(1) NULL ,
"WAREHOUSEID" VARCHAR2(30 BYTE) DEFAULT 0  NULL ,
"DELIVERYADDRESS" VARCHAR2(64 BYTE) NULL ,
"STATUS" NUMBER(2) NOT NULL ,
"TRADEDQTY" NUMBER(15,2) DEFAULT 0  NOT NULL ,
"TRADETYPE" NUMBER(1) DEFAULT 0  NOT NULL ,
"PAYTYPE" NUMBER(1) NULL ,
"REMARK" VARCHAR2(1000 BYTE) NULL ,
"ORDERTIME" DATE NULL ,
"EFFECTOFTIME" DATE NULL ,
"TRADERID" VARCHAR2(40 BYTE) NULL ,
"WITHDRAWTIME" DATE NULL ,
"WITHDRAWTRADERID" VARCHAR2(40 BYTE) NULL ,
"VALIDTIME" NUMBER(10) DEFAULT -1  NOT NULL ,
"PLEDGEFLAG" NUMBER(1) DEFAULT 0  NOT NULL ,
"STOCKID" VARCHAR2(16 BYTE) NULL ,
"MINTRADEQTY" NUMBER(15,2) DEFAULT 0  NOT NULL ,
"TRADEUNIT" NUMBER(10,2) NULL ,
"ISPICKOFF" VARCHAR2(1 BYTE) DEFAULT 'Y'  NULL ,
"ISSUBORDER" VARCHAR2(1 BYTE) NULL ,
"ISPAYMARGIN" VARCHAR2(1 BYTE) DEFAULT 'N'  NOT NULL ,
"FROZENMARGIN" NUMBER(15,2) NULL 
)
LOGGING
NOCOMPRESS
NOCACHE

;
COMMENT ON COLUMN "TRADE_GNNT"."E_ORDER"."ORDERTITLE" IS '委托时的标题，默认为商品分类名+品名。';
COMMENT ON COLUMN "TRADE_GNNT"."E_ORDER"."BSFLAG" IS '''B'' 买 ''S'' 卖';
COMMENT ON COLUMN "TRADE_GNNT"."E_ORDER"."TRADEPRETIME" IS '以秒为单位';
COMMENT ON COLUMN "TRADE_GNNT"."E_ORDER"."DELIVERYDAYTYPE" IS '0：指定准备天数 1：指定最后交割日';
COMMENT ON COLUMN "TRADE_GNNT"."E_ORDER"."DELIVERYPRETIME" IS '以秒为单位';
COMMENT ON COLUMN "TRADE_GNNT"."E_ORDER"."DELIVERYTYPE" IS '1：指定仓库交收 2：指定交收地交收';
COMMENT ON COLUMN "TRADE_GNNT"."E_ORDER"."STATUS" IS '0：未成交 1：部分成交 2：全部成交 3：已下架 11：待后台管理员审核';
COMMENT ON COLUMN "TRADE_GNNT"."E_ORDER"."TRADETYPE" IS '0： 协议交收 1：自主交收 ';
COMMENT ON COLUMN "TRADE_GNNT"."E_ORDER"."PAYTYPE" IS '0： 先款后货 1： 先货后款 2：不限制';
COMMENT ON COLUMN "TRADE_GNNT"."E_ORDER"."EFFECTOFTIME" IS '委托真正展示到前台的时间';
COMMENT ON COLUMN "TRADE_GNNT"."E_ORDER"."VALIDTIME" IS '委托有效期：-1 不限制 以秒为单位';
COMMENT ON COLUMN "TRADE_GNNT"."E_ORDER"."PLEDGEFLAG" IS '卖仓单标志：0 否 1 是';
COMMENT ON COLUMN "TRADE_GNNT"."E_ORDER"."ISPICKOFF" IS 'Y 允许 N不允许';
COMMENT ON COLUMN "TRADE_GNNT"."E_ORDER"."ISSUBORDER" IS 'Y 允许 N不允许';
COMMENT ON COLUMN "TRADE_GNNT"."E_ORDER"."ISPAYMARGIN" IS 'Y 已支付  N未支付';

-- ----------------------------
-- Records of E_ORDER
-- ----------------------------

-- ----------------------------
-- Table structure for E_ORDER_H
-- ----------------------------
DROP TABLE "TRADE_GNNT"."E_ORDER_H";
CREATE TABLE "TRADE_GNNT"."E_ORDER_H" (
"ORDERID" NUMBER(15) NOT NULL ,
"ORDERTITLE" VARCHAR2(128 BYTE) NOT NULL ,
"BREEDID" NUMBER(10) NOT NULL ,
"CATEGORYID" NUMBER(10) NOT NULL ,
"BSFLAG" CHAR(1 BYTE) NOT NULL ,
"FIRMID" VARCHAR2(32 BYTE) NOT NULL ,
"PRICE" NUMBER(15,2) NOT NULL ,
"QUANTITY" NUMBER(15,2) DEFAULT 0  NOT NULL ,
"UNIT" VARCHAR2(16 BYTE) NOT NULL ,
"TRADEPRETIME" NUMBER(10) NOT NULL ,
"TRADEMARGIN_B" NUMBER(15,2) NOT NULL ,
"TRADEMARGIN_S" NUMBER(15,2) NOT NULL ,
"DELIVERYDAYTYPE" NUMBER(1) NOT NULL ,
"DELIVERYPRETIME" NUMBER(10) NULL ,
"DELIVERYDAY" DATE NULL ,
"DELIVERYMARGIN_B" NUMBER(15,2) NOT NULL ,
"DELIVERYMARGIN_S" NUMBER(15,2) NOT NULL ,
"DELIVERYTYPE" NUMBER(1) NULL ,
"WAREHOUSEID" VARCHAR2(30 BYTE) DEFAULT 0  NULL ,
"DELIVERYADDRESS" VARCHAR2(64 BYTE) NULL ,
"STATUS" NUMBER(2) NOT NULL ,
"TRADEDQTY" NUMBER(15,2) DEFAULT 0  NOT NULL ,
"TRADETYPE" NUMBER(1) DEFAULT 0  NOT NULL ,
"PAYTYPE" NUMBER(1) NULL ,
"REMARK" VARCHAR2(1000 BYTE) NULL ,
"ORDERTIME" DATE NULL ,
"EFFECTOFTIME" DATE NULL ,
"TRADERID" VARCHAR2(40 BYTE) NULL ,
"WITHDRAWTIME" DATE NULL ,
"WITHDRAWTRADERID" VARCHAR2(40 BYTE) NULL ,
"VALIDTIME" NUMBER(10) DEFAULT -1  NOT NULL ,
"PLEDGEFLAG" NUMBER(1) DEFAULT 0  NOT NULL ,
"STOCKID" VARCHAR2(16 BYTE) NULL ,
"MINTRADEQTY" NUMBER(15,2) DEFAULT 0  NOT NULL ,
"TRADEUNIT" NUMBER(10,2) NULL ,
"ISPICKOFF" VARCHAR2(1 BYTE) NULL ,
"ISSUBORDER" VARCHAR2(1 BYTE) NULL ,
"ISPAYMARGIN" VARCHAR2(1 BYTE) NOT NULL ,
"FROZENMARGIN" NUMBER(15,2) NULL 
)
LOGGING
NOCOMPRESS
NOCACHE

;
COMMENT ON COLUMN "TRADE_GNNT"."E_ORDER_H"."ORDERTITLE" IS '委托时的标题，默认为商品分类名+品名。';
COMMENT ON COLUMN "TRADE_GNNT"."E_ORDER_H"."BSFLAG" IS '''B'' 买 ''S'' 卖';
COMMENT ON COLUMN "TRADE_GNNT"."E_ORDER_H"."TRADEPRETIME" IS '以秒为单位';
COMMENT ON COLUMN "TRADE_GNNT"."E_ORDER_H"."DELIVERYDAYTYPE" IS '0：指定准备天数 1：指定最后交割日';
COMMENT ON COLUMN "TRADE_GNNT"."E_ORDER_H"."DELIVERYPRETIME" IS '以秒为单位';
COMMENT ON COLUMN "TRADE_GNNT"."E_ORDER_H"."DELIVERYTYPE" IS '1：指定仓库交收 2：指定交收地交收';
COMMENT ON COLUMN "TRADE_GNNT"."E_ORDER_H"."STATUS" IS '0：未成交 1：部分成交 2：全部成交 3：已下架';
COMMENT ON COLUMN "TRADE_GNNT"."E_ORDER_H"."TRADETYPE" IS '0： 协议交收 1：自主交收 ';
COMMENT ON COLUMN "TRADE_GNNT"."E_ORDER_H"."PAYTYPE" IS '0： 先款后货 1： 先货后款 2：不限制';
COMMENT ON COLUMN "TRADE_GNNT"."E_ORDER_H"."EFFECTOFTIME" IS '委托真正展示到前台的时间';
COMMENT ON COLUMN "TRADE_GNNT"."E_ORDER_H"."VALIDTIME" IS '委托有效期：-1 不限制 以秒为单位';
COMMENT ON COLUMN "TRADE_GNNT"."E_ORDER_H"."PLEDGEFLAG" IS '卖仓单标志：0 否 1 是';
COMMENT ON COLUMN "TRADE_GNNT"."E_ORDER_H"."ISPICKOFF" IS 'Y 允许 N不允许';
COMMENT ON COLUMN "TRADE_GNNT"."E_ORDER_H"."ISSUBORDER" IS 'Y 允许 N不允许';
COMMENT ON COLUMN "TRADE_GNNT"."E_ORDER_H"."ISPAYMARGIN" IS 'Y 已支付 N 未支付';

-- ----------------------------
-- Records of E_ORDER_H
-- ----------------------------
INSERT INTO "TRADE_GNNT"."E_ORDER_H" VALUES ('1504241000003', '石墨', '1120', '1008', 'S', '60600000100', '700', '10', '0.1吨', '7200', '1000', '1000', '0', '18000', null, '1400', '1400', '1', '005', null, '2', '10', '0', '0', null, TO_DATE('2015-04-24 13:05:51', 'YYYY-MM-DD HH24:MI:SS'), TO_DATE('2015-04-24 13:05:51', 'YYYY-MM-DD HH24:MI:SS'), '60600000100', null, null, '86400', '0', null, '10', '10', 'Y', 'Y', 'N', '0');
INSERT INTO "TRADE_GNNT"."E_ORDER_H" VALUES ('1504241000004', '棉布', '1140', '1041', 'B', 'xh012', '100', '1000', '批', '7200', '1000', '1000', '0', '18000', null, '20000', '20000', '1', '0001', null, '3', '0', '0', '0', null, TO_DATE('2015-04-24 13:21:55', 'YYYY-MM-DD HH24:MI:SS'), TO_DATE('2015-04-24 13:21:55', 'YYYY-MM-DD HH24:MI:SS'), 'xh012', TO_DATE('2015-04-24 14:12:03', 'YYYY-MM-DD HH24:MI:SS'), 'xh012', '86400', '0', null, '100', '100', 'Y', 'Y', 'N', '0');
INSERT INTO "TRADE_GNNT"."E_ORDER_H" VALUES ('1504241000005', '棉布', '1140', '1041', 'S', 'xh010', '1000', '100', '批', '7200', '1000', '1000', '0', '86400', null, '20000', '20000', '1', '2', null, '2', '100', '0', '0', null, TO_DATE('2015-04-24 13:26:13', 'YYYY-MM-DD HH24:MI:SS'), TO_DATE('2015-04-24 13:26:13', 'YYYY-MM-DD HH24:MI:SS'), 'xh010', null, null, '86400', '0', null, '100', '100', 'Y', 'Y', 'N', '0');
INSERT INTO "TRADE_GNNT"."E_ORDER_H" VALUES ('1504241000006', '棉布', '1140', '1041', 'B', 'xh012', '100', '1000', '批', '7200', '1000', '1000', '0', '18000', null, '20000', '20000', '1', '0001', null, '3', '100', '0', '0', null, TO_DATE('2015-04-24 13:31:51', 'YYYY-MM-DD HH24:MI:SS'), TO_DATE('2015-04-24 13:31:51', 'YYYY-MM-DD HH24:MI:SS'), 'xh012', TO_DATE('2015-04-24 13:34:27', 'YYYY-MM-DD HH24:MI:SS'), 'xh012', '86400', '0', null, '100', '100', 'Y', 'Y', 'N', '0');
INSERT INTO "TRADE_GNNT"."E_ORDER_H" VALUES ('1504241000007', '棉布', '1140', '1041', 'B', 'xh012', '100', '1000', '批', '7200', '1000', '1000', '0', '18000', null, '20000', '20000', '1', '0001', null, '3', '0', '0', '0', null, TO_DATE('2015-04-24 13:35:53', 'YYYY-MM-DD HH24:MI:SS'), TO_DATE('2015-04-24 13:35:53', 'YYYY-MM-DD HH24:MI:SS'), 'xh012', TO_DATE('2015-04-24 14:12:00', 'YYYY-MM-DD HH24:MI:SS'), 'xh012', '86400', '0', null, '100', '100', 'Y', 'Y', 'N', '0');
INSERT INTO "TRADE_GNNT"."E_ORDER_H" VALUES ('1504241000008', '棉布', '1140', '1041', 'S', 'xh004', '100', '200', '批', '7200', '1000', '1000', '0', '18000', null, '4000', '4000', '1', '0001', null, '2', '200', '0', '0', null, TO_DATE('2015-04-24 13:45:04', 'YYYY-MM-DD HH24:MI:SS'), TO_DATE('2015-04-24 13:45:04', 'YYYY-MM-DD HH24:MI:SS'), 'xh004', null, null, '86400', '0', null, '100', '100', 'Y', 'Y', 'Y', '0');
INSERT INTO "TRADE_GNNT"."E_ORDER_H" VALUES ('1504241000009', '石墨', '1120', '1008', 'S', 'xh006', '350', '10', '0.1吨', '7200', '1000', '1000', '0', '10800', null, '700', '700', '1', '005', null, '2', '10', '0', '0', null, TO_DATE('2015-04-24 13:53:35', 'YYYY-MM-DD HH24:MI:SS'), TO_DATE('2015-04-24 13:53:35', 'YYYY-MM-DD HH24:MI:SS'), 'xh006', null, null, '86400', '0', null, '10', '10', 'Y', 'Y', 'Y', '0');
INSERT INTO "TRADE_GNNT"."E_ORDER_H" VALUES ('1504241000010', '棉布', '1140', '1041', 'S', 'xh013', '200', '100', '批', '7200', '1000', '1000', '0', '18000', null, '4000', '4000', '1', '2', null, '2', '100', '0', '0', null, TO_DATE('2015-04-24 14:06:51', 'YYYY-MM-DD HH24:MI:SS'), TO_DATE('2015-04-24 14:06:51', 'YYYY-MM-DD HH24:MI:SS'), 'xh013', null, null, '86400', '0', null, '100', '100', 'Y', 'Y', 'N', '0');
INSERT INTO "TRADE_GNNT"."E_ORDER_H" VALUES ('1504241000011', '石墨', '1120', '1008', 'S', 'xh006', '350', '10', '0.1吨', '7200', '1000', '1000', '0', '10800', null, '700', '700', '1', '005', null, '2', '10', '0', '0', null, TO_DATE('2015-04-24 14:09:09', 'YYYY-MM-DD HH24:MI:SS'), TO_DATE('2015-04-24 14:09:09', 'YYYY-MM-DD HH24:MI:SS'), 'xh006', null, null, '86400', '0', null, '10', '10', 'Y', 'Y', 'Y', '0');
INSERT INTO "TRADE_GNNT"."E_ORDER_H" VALUES ('1504241000012', '涤纶化纤', '1142', '1043', 'S', 'xh007', '1000', '100', '吨', '7200', '1000', '1000', '0', '18000', null, '20000', '20000', '2', null, '长三角商品交易所', '2', '100', '0', '0', '呵呵', TO_DATE('2015-04-24 14:21:30', 'YYYY-MM-DD HH24:MI:SS'), TO_DATE('2015-04-24 14:21:30', 'YYYY-MM-DD HH24:MI:SS'), 'xh007', null, null, '86400', '0', null, '100', '100', 'Y', 'N', 'Y', '0');
INSERT INTO "TRADE_GNNT"."E_ORDER_H" VALUES ('1504241000000', '棉布', '1140', '1041', 'B', '505000000000001', '1000', '100', '批', '7200', '1000', '1000', '0', '18000', null, '20000', '20000', '1', '0001', null, '3', '0', '1', '0', null, TO_DATE('2015-04-24 09:57:10', 'YYYY-MM-DD HH24:MI:SS'), TO_DATE('2015-04-24 09:57:10', 'YYYY-MM-DD HH24:MI:SS'), '505000000000001', TO_DATE('2015-04-24 10:48:38', 'YYYY-MM-DD HH24:MI:SS'), 'wje', '86400', '0', null, '100', '100', 'Y', 'Y', 'Y', '0');
INSERT INTO "TRADE_GNNT"."E_ORDER_H" VALUES ('1504241000001', '棉布', '1140', '1041', 'B', 'xh011', '200', '1000', '批', '7200', '1000', '1000', '0', '18000', null, '40000', '40000', '1', '0001', null, '2', '1000', '0', '0', null, TO_DATE('2015-04-24 10:17:21', 'YYYY-MM-DD HH24:MI:SS'), TO_DATE('2015-04-24 10:17:21', 'YYYY-MM-DD HH24:MI:SS'), 'xh011', null, null, '-1', '0', null, '100', '100', 'Y', 'Y', 'Y', '0');
INSERT INTO "TRADE_GNNT"."E_ORDER_H" VALUES ('1504241000002', '棉布', '1140', '1041', 'S', 'xh011', '120', '1000', '批', '7200', '1000', '1000', '0', '18000', null, '24000', '24000', '1', '0001', null, '2', '1000', '1', '0', null, TO_DATE('2015-04-24 10:36:00', 'YYYY-MM-DD HH24:MI:SS'), TO_DATE('2015-04-24 10:36:00', 'YYYY-MM-DD HH24:MI:SS'), 'xh011', null, null, '86400', '1', '441', '1000', '1000', 'Y', 'Y', 'N', '0');
INSERT INTO "TRADE_GNNT"."E_ORDER_H" VALUES ('1508181000021', '石墨', '1120', '1008', 'S', '60600000100', '400', '100', '0.1吨', '7200', '1000', '1000', '0', '18000', null, '8000', '8000', '1', '005', null, '2', '100', '0', '0', null, TO_DATE('2015-08-18 15:42:50', 'YYYY-MM-DD HH24:MI:SS'), TO_DATE('2015-08-18 15:42:50', 'YYYY-MM-DD HH24:MI:SS'), '60600000100', null, null, '86400', '0', null, '100', '100', 'Y', 'N', 'N', '0');
INSERT INTO "TRADE_GNNT"."E_ORDER_H" VALUES ('1508181000020', '石墨', '1120', '1008', 'S', '60600000100', '345', '100', '0.1吨', '7200', '1000', '1000', '0', '18000', null, '6900', '6900', '1', '005', null, '2', '100', '0', '0', null, TO_DATE('2015-08-18 15:22:14', 'YYYY-MM-DD HH24:MI:SS'), TO_DATE('2015-08-18 15:22:14', 'YYYY-MM-DD HH24:MI:SS'), '60600000100', null, null, '86400', '1', '445', '100', '100', 'Y', 'N', 'N', '0');
INSERT INTO "TRADE_GNNT"."E_ORDER_H" VALUES ('1508181000022', '石墨', '1120', '1008', 'S', '50500000100', '800', '100', '0.1吨', '7200', '1000', '1000', '0', '18000', null, '16000', '16000', '1', '005', null, '2', '100', '0', '0', null, TO_DATE('2015-08-18 16:03:54', 'YYYY-MM-DD HH24:MI:SS'), TO_DATE('2015-08-18 16:03:54', 'YYYY-MM-DD HH24:MI:SS'), '50500000100', null, null, '86400', '1', '445', '100', '100', 'Y', 'Y', 'N', '0');
INSERT INTO "TRADE_GNNT"."E_ORDER_H" VALUES ('1508181000023', '石墨', '1120', '1008', 'S', '50500000100', '800', '100', '0.1吨', '7200', '1000', '1000', '0', '18000', null, '16000', '16000', '1', '005', null, '2', '100', '0', '0', null, TO_DATE('2015-08-18 16:04:40', 'YYYY-MM-DD HH24:MI:SS'), TO_DATE('2015-08-18 16:04:40', 'YYYY-MM-DD HH24:MI:SS'), '50500000100', null, null, '86400', '1', '781', '100', '100', 'Y', 'Y', 'N', '0');
INSERT INTO "TRADE_GNNT"."E_ORDER_H" VALUES ('1508181000024', '石墨', '1120', '1008', 'S', '50500000100', '800', '1000', '0.1吨', '7200', '1000', '1000', '0', '18000', null, '160000', '160000', '1', '005', null, '2', '1000', '0', '0', null, TO_DATE('2015-08-18 16:05:00', 'YYYY-MM-DD HH24:MI:SS'), TO_DATE('2015-08-18 16:05:00', 'YYYY-MM-DD HH24:MI:SS'), '50500000100', null, null, '86400', '1', '782', '1000', '1000', 'Y', 'Y', 'N', '0');

-- ----------------------------
-- Table structure for E_ORDERPIC
-- ----------------------------
DROP TABLE "TRADE_GNNT"."E_ORDERPIC";
CREATE TABLE "TRADE_GNNT"."E_ORDERPIC" (
"ID" NUMBER(15) NOT NULL ,
"ORDERID" NUMBER(15) NOT NULL ,
"PICTURE" BLOB NOT NULL 
)
LOGGING
NOCOMPRESS
NOCACHE

;

-- ----------------------------
-- Records of E_ORDERPIC
-- ----------------------------

-- ----------------------------
-- Table structure for E_ORDERPIC_H
-- ----------------------------
DROP TABLE "TRADE_GNNT"."E_ORDERPIC_H";
CREATE TABLE "TRADE_GNNT"."E_ORDERPIC_H" (
"ID" NUMBER(15) NOT NULL ,
"ORDERID" NUMBER(15) NOT NULL ,
"PICTURE" BLOB NOT NULL 
)
LOGGING
NOCOMPRESS
NOCACHE

;

-- ----------------------------
-- Records of E_ORDERPIC_H
-- ----------------------------

-- ----------------------------
-- Table structure for E_RECOMMENDSHOP
-- ----------------------------
DROP TABLE "TRADE_GNNT"."E_RECOMMENDSHOP";
CREATE TABLE "TRADE_GNNT"."E_RECOMMENDSHOP" (
"FIRMID" VARCHAR2(32 BYTE) NOT NULL ,
"RECOMMENDTIME" DATE NULL ,
"NUM" NUMBER(10) DEFAULT 0  NOT NULL 
)
LOGGING
NOCOMPRESS
NOCACHE

;

-- ----------------------------
-- Records of E_RECOMMENDSHOP
-- ----------------------------
INSERT INTO "TRADE_GNNT"."E_RECOMMENDSHOP" VALUES ('xh007', TO_DATE('2015-04-24 00:00:00', 'YYYY-MM-DD HH24:MI:SS'), '1');

-- ----------------------------
-- Table structure for E_RESERVE
-- ----------------------------
DROP TABLE "TRADE_GNNT"."E_RESERVE";
CREATE TABLE "TRADE_GNNT"."E_RESERVE" (
"RESERVEID" NUMBER(15) NOT NULL ,
"TRADENO" NUMBER(15) NOT NULL ,
"FIRMID" VARCHAR2(32 BYTE) NOT NULL ,
"REALMONEY" NUMBER(15,2) NULL ,
"BSFLAG" CHAR(1 BYTE) NOT NULL ,
"PAYABLERESERVE" NUMBER(15,2) NULL ,
"PAYRESERVE" NUMBER(15,2) NULL ,
"BACKRESERVE" NUMBER(15,2) NULL ,
"GOODSQUANTITY" NUMBER(15,2) DEFAULT 0  NULL ,
"STATUS" NUMBER(1) NULL ,
"BREACHAPPLYID" NUMBER(10) NOT NULL 
)
LOGGING
NOCOMPRESS
NOCACHE

;
COMMENT ON COLUMN "TRADE_GNNT"."E_RESERVE"."BSFLAG" IS '''B'' 买 ''S'' 卖';
COMMENT ON COLUMN "TRADE_GNNT"."E_RESERVE"."STATUS" IS '0：等待支付保证金/仓单 1：已支付保证金/仓单 2：已成交3：自己违约 4：对方违约';

-- ----------------------------
-- Records of E_RESERVE
-- ----------------------------
INSERT INTO "TRADE_GNNT"."E_RESERVE" VALUES ('1504241000014', '1504241000007', 'xh004', '0', 'B', '20000', '20000', '20000', '0', '2', '-1');
INSERT INTO "TRADE_GNNT"."E_RESERVE" VALUES ('1504241000015', '1504241000007', 'xh010', '0', 'S', '20000', '20000', '20000', '0', '2', '-1');
INSERT INTO "TRADE_GNNT"."E_RESERVE" VALUES ('1504241000016', '1504241000008', 'xh012', '0', 'B', '2000', '2000', '2000', '0', '2', '-1');
INSERT INTO "TRADE_GNNT"."E_RESERVE" VALUES ('1504241000017', '1504241000008', 'xh004', '0', 'S', '2000', '2000', '2000', '0', '2', '-1');
INSERT INTO "TRADE_GNNT"."E_RESERVE" VALUES ('1504241000018', '1504241000009', 'xh013', '0', 'B', '4000', '4000', '4000', '0', '2', '-1');
INSERT INTO "TRADE_GNNT"."E_RESERVE" VALUES ('1504241000019', '1504241000009', 'xh004', '0', 'S', '4000', '4000', '4000', '0', '2', '-1');
INSERT INTO "TRADE_GNNT"."E_RESERVE" VALUES ('1504241000020', '1504241000010', 'xh005', '0', 'B', '700', '700', '700', '0', '2', '-1');
INSERT INTO "TRADE_GNNT"."E_RESERVE" VALUES ('1504241000021', '1504241000010', 'xh006', '0', 'S', '700', '700', '700', '0', '2', '-1');
INSERT INTO "TRADE_GNNT"."E_RESERVE" VALUES ('1504241000022', '1504241000011', '50500000100', '0', 'B', '1300', '1300', '1300', '0', '2', '-1');
INSERT INTO "TRADE_GNNT"."E_RESERVE" VALUES ('1504241000023', '1504241000011', '60600000100', '0', 'S', '1300', '1300', '1300', '0', '2', '-1');
INSERT INTO "TRADE_GNNT"."E_RESERVE" VALUES ('1504241000024', '1504241000012', 'xh007', '0', 'B', '700', '700', '700', '0', '2', '-1');
INSERT INTO "TRADE_GNNT"."E_RESERVE" VALUES ('1504241000025', '1504241000012', 'xh006', '0', 'S', '700', '700', '700', '0', '2', '-1');
INSERT INTO "TRADE_GNNT"."E_RESERVE" VALUES ('1504241000026', '1504241000013', 'xh005', '0', 'B', '4000', '4000', '4000', '0', '2', '-1');
INSERT INTO "TRADE_GNNT"."E_RESERVE" VALUES ('1504241000027', '1504241000013', 'xh013', '0', 'S', '4000', '4000', '4000', '0', '2', '-1');
INSERT INTO "TRADE_GNNT"."E_RESERVE" VALUES ('1504241000028', '1504241000014', 'xh006', '0', 'B', '20000', '20000', '20000', '0', '2', '-1');
INSERT INTO "TRADE_GNNT"."E_RESERVE" VALUES ('1504241000029', '1504241000014', 'xh007', '0', 'S', '20000', '20000', '20000', '0', '2', '-1');

-- ----------------------------
-- Table structure for E_RESERVE_H
-- ----------------------------
DROP TABLE "TRADE_GNNT"."E_RESERVE_H";
CREATE TABLE "TRADE_GNNT"."E_RESERVE_H" (
"RESERVEID" NUMBER(15) NOT NULL ,
"TRADENO" NUMBER(15) NOT NULL ,
"FIRMID" VARCHAR2(32 BYTE) NOT NULL ,
"REALMONEY" NUMBER(15,2) NULL ,
"BSFLAG" CHAR(1 BYTE) NOT NULL ,
"PAYABLERESERVE" NUMBER(15,2) NULL ,
"PAYRESERVE" NUMBER(15,2) NULL ,
"BACKRESERVE" NUMBER(15,2) NULL ,
"GOODSQUANTITY" NUMBER(15,2) DEFAULT 0  NULL ,
"STATUS" NUMBER(1) NULL ,
"BREACHAPPLYID" NUMBER(10) NOT NULL 
)
LOGGING
NOCOMPRESS
NOCACHE

;
COMMENT ON COLUMN "TRADE_GNNT"."E_RESERVE_H"."BSFLAG" IS '''B'' 买 ''S'' 卖';
COMMENT ON COLUMN "TRADE_GNNT"."E_RESERVE_H"."STATUS" IS '0：等待支付保证金/仓单 1：已支付保证金/仓单 2：已成交3：自己违约 4：对方违约';

-- ----------------------------
-- Records of E_RESERVE_H
-- ----------------------------
INSERT INTO "TRADE_GNNT"."E_RESERVE_H" VALUES ('1504241000010', '1504241000005', 'xh011', '0', 'B', '60000', '60000', '60000', '0', '2', '-1');
INSERT INTO "TRADE_GNNT"."E_RESERVE_H" VALUES ('1504241000011', '1504241000005', 'xh010', '0', 'S', '60000', '60000', '60000', '0', '2', '-1');
INSERT INTO "TRADE_GNNT"."E_RESERVE_H" VALUES ('1504241000012', '1504241000006', 'xh010', '0', 'B', '24000', '24000', '24000', '0', '2', '-1');
INSERT INTO "TRADE_GNNT"."E_RESERVE_H" VALUES ('1504241000013', '1504241000006', 'xh011', '0', 'S', '24000', '0', '0', '0', '2', '-1');
INSERT INTO "TRADE_GNNT"."E_RESERVE_H" VALUES ('1508181000040', '1508181000020', '50500000100', '0', 'B', '6900', '6900', '6900', '0', '2', '-1');
INSERT INTO "TRADE_GNNT"."E_RESERVE_H" VALUES ('1508181000041', '1508181000020', '60600000100', '0', 'S', '6900', '0', '0', '0', '2', '-1');
INSERT INTO "TRADE_GNNT"."E_RESERVE_H" VALUES ('1508181000042', '1508181000021', '50500000100', '0', 'B', '8000', '8000', '8000', '0', '2', '-1');
INSERT INTO "TRADE_GNNT"."E_RESERVE_H" VALUES ('1508181000043', '1508181000021', '60600000100', '0', 'S', '8000', '8000', '8000', '0', '2', '-1');
INSERT INTO "TRADE_GNNT"."E_RESERVE_H" VALUES ('1508181000044', '1508181000022', '60600000100', '0', 'B', '16000', '16000', '16000', '0', '2', '-1');
INSERT INTO "TRADE_GNNT"."E_RESERVE_H" VALUES ('1508181000045', '1508181000022', '50500000100', '0', 'S', '16000', '0', '0', '0', '2', '-1');
INSERT INTO "TRADE_GNNT"."E_RESERVE_H" VALUES ('1508181000046', '1508181000023', '60600000100', '0', 'B', '16000', '16000', '16000', '0', '2', '-1');
INSERT INTO "TRADE_GNNT"."E_RESERVE_H" VALUES ('1508181000047', '1508181000023', '50500000100', '0', 'S', '16000', '0', '0', '0', '2', '-1');
INSERT INTO "TRADE_GNNT"."E_RESERVE_H" VALUES ('1508181000048', '1508181000024', '60600000100', '0', 'B', '150000', '150000', '150000', '0', '2', '-1');
INSERT INTO "TRADE_GNNT"."E_RESERVE_H" VALUES ('1508181000049', '1508181000024', '50500000100', '0', 'S', '150000', '0', '0', '0', '2', '-1');

-- ----------------------------
-- Table structure for E_SHOP
-- ----------------------------
DROP TABLE "TRADE_GNNT"."E_SHOP";
CREATE TABLE "TRADE_GNNT"."E_SHOP" (
"FIRMID" VARCHAR2(32 BYTE) NOT NULL ,
"SHOPNAME" VARCHAR2(64 BYTE) NOT NULL ,
"SHOPLEVEL" NUMBER(3) NOT NULL ,
"DESCRIPTION" VARCHAR2(1000 BYTE) NULL ,
"HEADIMAGE" BLOB NULL 
)
LOGGING
NOCOMPRESS
NOCACHE

;

-- ----------------------------
-- Records of E_SHOP
-- ----------------------------
INSERT INTO "TRADE_GNNT"."E_SHOP" VALUES ('test66', ' ', '0', null, null);
INSERT INTO "TRADE_GNNT"."E_SHOP" VALUES ('608000123', ' ', '0', null, null);
INSERT INTO "TRADE_GNNT"."E_SHOP" VALUES ('xh005', ' ', '0', null, null);
INSERT INTO "TRADE_GNNT"."E_SHOP" VALUES ('xh009', ' ', '0', null, null);
INSERT INTO "TRADE_GNNT"."E_SHOP" VALUES ('Shimo004', ' ', '0', null, null);
INSERT INTO "TRADE_GNNT"."E_SHOP" VALUES ('Shimo005', ' ', '0', null, null);
INSERT INTO "TRADE_GNNT"."E_SHOP" VALUES ('xh012', ' ', '0', null, null);
INSERT INTO "TRADE_GNNT"."E_SHOP" VALUES ('xh013', ' ', '0', null, null);
INSERT INTO "TRADE_GNNT"."E_SHOP" VALUES ('60600000180', ' ', '0', null, null);
INSERT INTO "TRADE_GNNT"."E_SHOP" VALUES ('601002022', ' ', '0', null, null);
INSERT INTO "TRADE_GNNT"."E_SHOP" VALUES ('00021034', ' ', '0', null, null);
INSERT INTO "TRADE_GNNT"."E_SHOP" VALUES ('112', ' ', '0', null, null);
INSERT INTO "TRADE_GNNT"."E_SHOP" VALUES ('60600000111', ' ', '0', null, null);
INSERT INTO "TRADE_GNNT"."E_SHOP" VALUES ('606010001', ' ', '0', null, null);
INSERT INTO "TRADE_GNNT"."E_SHOP" VALUES ('606010004', ' ', '0', null, null);
INSERT INTO "TRADE_GNNT"."E_SHOP" VALUES ('gnnt12001', ' ', '0', null, null);
INSERT INTO "TRADE_GNNT"."E_SHOP" VALUES ('606010006', ' ', '0', null, null);
INSERT INTO "TRADE_GNNT"."E_SHOP" VALUES ('606010008', ' ', '0', null, null);
INSERT INTO "TRADE_GNNT"."E_SHOP" VALUES ('606010010', ' ', '0', null, null);
INSERT INTO "TRADE_GNNT"."E_SHOP" VALUES ('HMR01', ' ', '0', null, null);
INSERT INTO "TRADE_GNNT"."E_SHOP" VALUES ('gnnt023', ' ', '0', null, null);
INSERT INTO "TRADE_GNNT"."E_SHOP" VALUES ('gnnt01001', ' ', '0', null, null);
INSERT INTO "TRADE_GNNT"."E_SHOP" VALUES ('gnnt01002', ' ', '0', null, null);
INSERT INTO "TRADE_GNNT"."E_SHOP" VALUES ('606000016', ' ', '0', null, null);
INSERT INTO "TRADE_GNNT"."E_SHOP" VALUES ('606000020', ' ', '0', null, null);
INSERT INTO "TRADE_GNNT"."E_SHOP" VALUES ('gnnt09005', ' ', '0', null, null);
INSERT INTO "TRADE_GNNT"."E_SHOP" VALUES ('gnnt09006', ' ', '0', null, null);
INSERT INTO "TRADE_GNNT"."E_SHOP" VALUES ('gnnt09007', ' ', '0', null, null);
INSERT INTO "TRADE_GNNT"."E_SHOP" VALUES ('000200006', ' ', '0', null, null);
INSERT INTO "TRADE_GNNT"."E_SHOP" VALUES ('607000004', ' ', '0', null, null);
INSERT INTO "TRADE_GNNT"."E_SHOP" VALUES ('607000005', ' ', '0', null, null);
INSERT INTO "TRADE_GNNT"."E_SHOP" VALUES ('618000000', ' ', '0', null, null);
INSERT INTO "TRADE_GNNT"."E_SHOP" VALUES ('ceshi', ' ', '0', null, null);
INSERT INTO "TRADE_GNNT"."E_SHOP" VALUES ('607000011', ' ', '0', null, null);
INSERT INTO "TRADE_GNNT"."E_SHOP" VALUES ('000200008', ' ', '0', null, null);
INSERT INTO "TRADE_GNNT"."E_SHOP" VALUES ('607000021', ' ', '0', null, null);
INSERT INTO "TRADE_GNNT"."E_SHOP" VALUES ('607000024', ' ', '0', null, null);
INSERT INTO "TRADE_GNNT"."E_SHOP" VALUES ('607000025', ' ', '0', null, null);
INSERT INTO "TRADE_GNNT"."E_SHOP" VALUES ('606000024', ' ', '0', null, null);
INSERT INTO "TRADE_GNNT"."E_SHOP" VALUES ('607000026', ' ', '0', null, null);
INSERT INTO "TRADE_GNNT"."E_SHOP" VALUES ('607000027', ' ', '0', null, null);
INSERT INTO "TRADE_GNNT"."E_SHOP" VALUES ('607000028', ' ', '0', null, null);
INSERT INTO "TRADE_GNNT"."E_SHOP" VALUES ('607000029', ' ', '0', null, null);
INSERT INTO "TRADE_GNNT"."E_SHOP" VALUES ('606000026', ' ', '0', null, null);
INSERT INTO "TRADE_GNNT"."E_SHOP" VALUES ('606000027', ' ', '0', null, null);
INSERT INTO "TRADE_GNNT"."E_SHOP" VALUES ('606000029', ' ', '0', null, null);
INSERT INTO "TRADE_GNNT"."E_SHOP" VALUES ('07280001', ' ', '0', null, null);
INSERT INTO "TRADE_GNNT"."E_SHOP" VALUES ('07280003', ' ', '0', null, null);
INSERT INTO "TRADE_GNNT"."E_SHOP" VALUES ('07280004', ' ', '0', null, null);
INSERT INTO "TRADE_GNNT"."E_SHOP" VALUES ('07280005', ' ', '0', null, null);
INSERT INTO "TRADE_GNNT"."E_SHOP" VALUES ('07280008', ' ', '0', null, null);
INSERT INTO "TRADE_GNNT"."E_SHOP" VALUES ('07280009', ' ', '0', null, null);
INSERT INTO "TRADE_GNNT"."E_SHOP" VALUES ('07280011', ' ', '0', null, null);
INSERT INTO "TRADE_GNNT"."E_SHOP" VALUES ('07280012', ' ', '0', null, null);
INSERT INTO "TRADE_GNNT"."E_SHOP" VALUES ('07280013', ' ', '0', null, null);
INSERT INTO "TRADE_GNNT"."E_SHOP" VALUES ('07280015', ' ', '0', null, null);
INSERT INTO "TRADE_GNNT"."E_SHOP" VALUES ('07280016', ' ', '0', null, null);
INSERT INTO "TRADE_GNNT"."E_SHOP" VALUES ('07280020', ' ', '0', null, null);
INSERT INTO "TRADE_GNNT"."E_SHOP" VALUES ('608000333', ' ', '0', null, null);
INSERT INTO "TRADE_GNNT"."E_SHOP" VALUES ('xh001', ' ', '0', null, null);
INSERT INTO "TRADE_GNNT"."E_SHOP" VALUES ('xh006', ' ', '0', null, null);
INSERT INTO "TRADE_GNNT"."E_SHOP" VALUES ('Shimo001', ' ', '0', null, null);
INSERT INTO "TRADE_GNNT"."E_SHOP" VALUES ('Shimo002', ' ', '0', null, null);
INSERT INTO "TRADE_GNNT"."E_SHOP" VALUES ('Shimo003', ' ', '0', null, null);
INSERT INTO "TRADE_GNNT"."E_SHOP" VALUES ('50500000100', ' ', '0', null, null);
INSERT INTO "TRADE_GNNT"."E_SHOP" VALUES ('60600000110', ' ', '0', null, null);
INSERT INTO "TRADE_GNNT"."E_SHOP" VALUES ('gnnt07', ' ', '0', null, null);
INSERT INTO "TRADE_GNNT"."E_SHOP" VALUES ('606000001', ' ', '0', null, null);
INSERT INTO "TRADE_GNNT"."E_SHOP" VALUES ('606000002', ' ', '0', null, null);
INSERT INTO "TRADE_GNNT"."E_SHOP" VALUES ('606010000', ' ', '0', null, null);
INSERT INTO "TRADE_GNNT"."E_SHOP" VALUES ('606000008', ' ', '0', null, null);
INSERT INTO "TRADE_GNNT"."E_SHOP" VALUES ('606010009', ' ', '0', null, null);
INSERT INTO "TRADE_GNNT"."E_SHOP" VALUES ('000210341', ' ', '0', null, null);
INSERT INTO "TRADE_GNNT"."E_SHOP" VALUES ('gnnt09002', ' ', '0', null, null);
INSERT INTO "TRADE_GNNT"."E_SHOP" VALUES ('606000012', ' ', '0', null, null);
INSERT INTO "TRADE_GNNT"."E_SHOP" VALUES ('606000013', ' ', '0', null, null);
INSERT INTO "TRADE_GNNT"."E_SHOP" VALUES ('606010013', ' ', '0', null, null);
INSERT INTO "TRADE_GNNT"."E_SHOP" VALUES ('606000014', ' ', '0', null, null);
INSERT INTO "TRADE_GNNT"."E_SHOP" VALUES ('607000001', ' ', '0', null, null);
INSERT INTO "TRADE_GNNT"."E_SHOP" VALUES ('607020001', ' ', '0', null, null);
INSERT INTO "TRADE_GNNT"."E_SHOP" VALUES ('607000002', ' ', '0', null, null);
INSERT INTO "TRADE_GNNT"."E_SHOP" VALUES ('607000006', ' ', '0', null, null);
INSERT INTO "TRADE_GNNT"."E_SHOP" VALUES ('607000007', ' ', '0', null, null);
INSERT INTO "TRADE_GNNT"."E_SHOP" VALUES ('609000000', ' ', '0', null, null);
INSERT INTO "TRADE_GNNT"."E_SHOP" VALUES ('101000005000579', ' ', '0', null, null);
INSERT INTO "TRADE_GNNT"."E_SHOP" VALUES ('gnnt09008', ' ', '0', null, null);
INSERT INTO "TRADE_GNNT"."E_SHOP" VALUES ('ceshi1', ' ', '0', null, null);
INSERT INTO "TRADE_GNNT"."E_SHOP" VALUES ('h1', ' ', '0', null, null);
INSERT INTO "TRADE_GNNT"."E_SHOP" VALUES ('001', ' ', '0', null, null);
INSERT INTO "TRADE_GNNT"."E_SHOP" VALUES ('607000018', ' ', '0', null, null);
INSERT INTO "TRADE_GNNT"."E_SHOP" VALUES ('008014', ' ', '0', null, null);
INSERT INTO "TRADE_GNNT"."E_SHOP" VALUES ('07280002', ' ', '0', null, null);
INSERT INTO "TRADE_GNNT"."E_SHOP" VALUES ('00030101', ' ', '0', null, null);
INSERT INTO "TRADE_GNNT"."E_SHOP" VALUES ('xh002', ' ', '0', null, null);
INSERT INTO "TRADE_GNNT"."E_SHOP" VALUES ('xh003', ' ', '0', null, null);
INSERT INTO "TRADE_GNNT"."E_SHOP" VALUES ('xh004', ' ', '0', null, null);
INSERT INTO "TRADE_GNNT"."E_SHOP" VALUES ('xh007', '交收部', '0', '交收部测试', HexToRaw('FFD8FFE000104A46494600010100000100010000FFFE003E43524541544F523A2067642D6A7065672076312E3020287573696E6720494A47204A50454720763632292C2064656661756C74207175616C6974790AFFDB004300080606070605080707070909080A0C140D0C0B0B0C1912130F141D1A1F1E1D1A1C1C20242E2720222C231C1C2837292C30313434341F27393D38323C2E333432FFDB0043010909090C0B0C180D0D1832211C213232323232323232323232323232323232323232323232323232323232323232323232323232323232323232323232323232FFC200110800B3028A03012200021101031101FFC4001B00000105010100000000000000000000000001020304050607FFC4001A010003010101010000000000000000000000010203040506FFDA000C03010002100310000001ED80E582589CDB5151228DEE5B1CAB5FCFD3E2E5A31751CCD37F5BC6EE69A6F350EEEC0010E68378831A39A8011251153151A8908844A46B43C61A0F235C5BC60878C01E30078C01E30078C18F560C78D18E1A34AC58EC6379ADBC70D09A27EDBB8410A200AC404082144014450ACDBD5676C6973EEF37A156ED5D3D72D610DFCF891C98A40100E682F19D7F31CFCD5FA1CFDD4A5894E8E9CDBD33A52885528802AB5CDB8694D446C270C4C47B18A008D84F1840E958DEB7561B7CE3E6EB531B6F4DA3233CAB908C448460A45886E52250908CA25232895625B25235D1AE6E867F565917A35E5E6D6B5CA757D7D0AAC58D5C820223901054103818E688744DE76B7D0A17AC4F4C56E4C59CF5ADF29679EF6C697E6BD05A6AD612391CD4020D28802AB54241A2A708A0A39DD0D94EF626B9EA4D89A08B491572AEA66E5465D4C34F49E956673F1A6430666F9745CB75053C6DEA769BA2F6AF8544B23BBDB56859EC97C362AF9F53C8ECEED57D94749959674E070A8F81AA80476695AF40860BB5F6CF2B7A0B8889E265AA8D311C88C140D4A463AB3D2B66AA8572A9E6EC515E852599CF7D89E2963CACBCEE91B8F4B9AD5DF89C8266D105A9246496D88E306D1C348A0300054158E8674F4CAC95F51678E45B38E79905999175E91F5F44A8226D648D2721E93F260B729DBDF48ADE4E83760C7BEDCB85762C72A5D2E0744DE6C893716B639DDFE7FB72B5A75E3A6E9732795AC94D9B69A290A3A9C84656AF4EE7273EB95D3AFA2B5DA9633895A378B472218A81B652A5B2B44D441358A440C85D34AE859227E5835D52CC4B8401515B400DD5395B250A2114A228022A00007B1FB8AD71E91167D9839F1B505892EB274B3776273595779114CA9D1BB554A499DA30C4BAB58825666BE5EF67342DB52F4AF53465514AF99EAE6B15EC721065DBA3BE1AD23E5E9DF3A95D839F186FE7EDB640CC8A7D14651BBA3BB81BB8E4EAD065B7D4569A99B477215F294A444921002B040E1CA408161235078D0162152631CFCD48A8BBD0A868235EDD65258A4A1444CA9E46904A4249322268D5D52D018CA9E8E516A721D3446C656751BAD7D04C908BAAE73672A575592AEB57C57CF3E9DFA53E97779CDEE792B1D5F2BBAE9279195B676AE1BDE4AFD2ADE3DC7A34ACEE726FCAE9F7E59A69ABEBD32D49445A9B2F55DE0D6A7AF3CBB5CFF43C4569AFBD9BA97580DCBDFCB1D1CFB71F9DD0E10E1951006BD88C52092A651193522A441310381CB048D4846816C6B7A5C91C706B3692AAC2991D02155AFC92C88B8500D75A10CDE6DF475E92DE0FAE6646BDCF397163D0F9470ACBD76A6CE13B5F3653DD6863DC2F439BDB86CB9E7FA3953977D52C65EBA64762E7E0F9565AC979770415F2DF4794D6D227137F826ED1DF66C79CAF9EEFF80F4A59E656DA7F0EB8D3DFCADD69BB93D6EA38FEE303AC88679EF5BCFB5DAF3FD263E97C87A0E56DE2A8BA09FC1075C5EE6CA1764DCCE8EE52F2E2B48C92B29A5618EB20D596C544A4D8266DC587458C1BA06362031B1A3778946B5961609B1A502190CCD65AC29F5FD8D783D6D997D05733521D1D7DA922E776322DCFC8E52BE5C871BE9587DB1CE7A2605CDC8722E743250BD153F36D96649A52BB3747ADD2ACB6FC8CEA5992CEB49CBF52DEFAF308BD532F7CF86D7D466AB2EAF45759C1EEF6472D41350A3CC6C59C3DD9AE3EF72BE89E9C3ABC35FC677293ECE50AF0E44B7AA5EF5ADB5265D5D16C8CF1B28DD2B18AE6A4B8E6636D3126692831CC8D2499A78C31B7C4E8AD315B3ED32412BA2A392B4BA13B5173A0618A6D0D176A515B70EB7A8DA177A774C3BB8DEB679975D9BA4F7D241C6F35F6CEAFCAE2FB0312D06BC41CD6DAB6F23BA1F0E2BBAA23EE3079B47A1B33F8FC2BD07075316CDCB58B83276EB99CF73D7649E77DE6F3CDF55C6F6D065D4B93F898D7B4D3252A98DE8EF81DF635DDDC36617F8FCEF46923C600ECEBF99B6772DE2CB6B4DB89B59D3DAD745BC6123D80C5AEE6E92AAF8C4D9EAAD2988885290A32721928925AA96E75886E51831088C267B14AD745D882487A6B3669D388B1E79E8A9EDEFCC1D158D179FEB7453072599DFC61C87613C3CEEC52CEDDF3EB8F87A3BDECC73D9DD8C926771BE84D4F2795F4360B8F9BA9B01E6FA1D65C0E16B778CA5C7C5DDC29E3F4498FE7D4D2B2FF009D8D70776693F15D9E17A2F655B753A306864F898CC444612C40CCE59E3E9C98D58AE74EC539F97694461521110A52202548D942AB1F49F0C82212234CE592B4D6E49685CD295AD015619127951F29D2C2C92C2360668C32ECF6EEBC9F4763AB4E5D34B27CBCE7644B9CCA91A89CAC016BD87392295AA65644A6B2B1AA255680AAD01ED401F18E0556282AB92DB77B07A09E8772B738CF6AA0D5ABA9A4745A91E4F9D732E5A70F3E832B4CB2948898948809AA4B0D26CA4F4A9DF62153244272B18929EB082948464E4222622138C0D21260A7B1981D9B5503870270B70010ACD70D6AD54041701BDEE7C3BFA6A81E5F100260000000000000000000000000000004C1A31C1ADD5B618EDABA21D9D8B583D19A7CC87CEE16C0AE20000000000009620B76A00D1AA840DD70E8D7100E4C11018E50435C01FFC4002E1000020202010304010402030003000000010200030411120513211014203122303241421523243340343550FFDA0008010100010502F9E4DDDA4989F959621ADE56ED5BD568B6BFFF0032C7545AADEED67C0FD5B285B05DFEAA6B5E0A6A043F8153123E23E190FCEE982377E4E3F79594A99D3CFEBEE6E6FD7F89E0CFA9B9B9B9B9B9BF8EE6FF0043ECB3012DB4DAF86778C4069BFD6CA5E540254A5BB4BFF39455AA7F40F81E9889DBAF947A92D07006E9A1691FA9B9BF893E0794C97B2B15E6869B87C7AEFF00F003334F1A5938D580DAB6AB45D3EC7EAADAACF7621DF69E538CC65F70A855787F4DCF1F2B6A35BD18C58FAEFF0043EFD3466FD37E9A30EC7C381229A9AB392378AABC8E1DA55F5F8EFF00F127919C392648FC681DAAD18D6E3EFF009F96C7C6C7E2B61FCEBCD654FF0021490B6F745D5329FA9EE1FE3BFD11F2DCFEB6E48A6CADD6C1E0CD09A067811982FA30D7A57FB9982A8C8A4C29CAB656ADF8F2B3FB2FD7A0426715134B1946A2AEE6927148535F357E161034513BF9C3FD7C7FE2D6355FF7F86E13B315BD49D0B6C81791BBF295AEECA3FEA3E65B8F347E7F7F31F1FE2199DFF76103DDB2FAEA67B15285CAADE5999096738AEF3F8D2C1A1330EA9A2BEE5AEC950708EA155323FA80408ABA8C7C365AACA5DD95BFEBFE35F8DD92E968CC82141BEDCD113819F5E9627215721514EE20B3452B4283EFF1DEBE0DF4DF5577398FBF4B2BEE0F6D5C02040B4D43FD95F8AFD3500D8307C07AEA6A6A6BE27E87ECB7F189BB23E2F70B938ED5D15DB2FAFB3563273BB8AFA799AF0DDC33591320B97C657DBE35963515B54A87965EC6FCCF11982AD8ED6B6A01A9692D6EA7F3679B3153765965693DD2C5BAB69BD7A799A9AF4567BE642289A8771F2C2B2B0653F0D6A7F2A3E295AD702965086BB93F6463A137F20616D8FD1D6E28541A0D128747240015AEB2A4AD0E59DD986B07D33A24FA9AD2B3F6E77A3A3BBA174AA9EEABDD67008B07312CB5F954FDD5C93B72BDB451B6FE47EE4FDCC74B31F4B5B04058831291AEF5758A9DACBD936DC2709DB87F7514963C21AE7B4AA575AD51FC27E98500BA87551C56380CFF00A03F493EFCF0E56C6B2C452E6C555B11168B55EC3CACA96C5ACE4B82297B62294AE77116776B9DD48D90799B476F87149A35D4B8E0455548EBAB6CFDF455E77A0BF492F3AA656365AB4B23A2D20F9846A632EA7D05BD1A7258EE0571788AD9D542E4AB7A5B7F6D816B1FF5BF74D4EEFCC7E9AFD1D09B5992E0AD0179DB91C6778354A39331E2900D0F02799ADCD4D4B2C4AE270B0E53682EA7F2F625712C1625A7F2E08093A8D70B4EC41FB32AD50E1D599138A4C8D9B775D611FBF60D0991604A12D5772B5899652A4A5C59715AE65F0AEAA9BBB68F11F4D6FD4DCDCDCFB3036E6E739CCCDCDCDFA1F3E9FCFE80FAFD0D895B0616328A573AA97E4AF730C0B2A2A806758294C02D6DD9F676E8C567B3277E697EE52E9DD88D5B9CB77C738CF7E458D835EE8C64A5B2AEEEE4583B29FDBDB55B0AA899E788DECE4A58D7227113FB6559CF27169F7160C4B920A72A7B7DC382EED5A256A7C2F527FCB0179E4FDCEA2FFEFE9CBBB7ED3A93FF00B7A72F2B9DB8D352E87C3FB4FA626010FD0FAF5FEC60FADFE809B137394E53999C899C7C14F114704EA56F04C0C6F1659CEC6A5D70B16FBAAB32AEEFE46357EDE8EA967FB7A5AEDEC3AA316BE12FB7B58D8F4B645995A4BB009AA8AFA807B32EE18F8F874F7EEEA67FE4D16777180F045D332D634E0640B2A3E6152B13CD8CDC5796CF4D5E343BD74AFBBA27BCA27BBA21CCE6DFDB32CE795D306AB5FBC9B39E4E0AF0C31E5B2ACE795D3D78E2E47EC1F1337E3979DEBD3F77A1E5364C1A30FE077B8669BD75F8CE62739C8C66F51EA3F7EF8CAEC4BD7CCE404AD56FBF2F2AA5C5A17B979E5CF3F3C098387DA03CD9976F732BA7AF1C1B50B8D4CDB1B2B2A8A531A9B2CE7650055897616256A15F32EA6B5C64EABE32FA7E58A6CD71878027EB3B1BDB3E2F52571FC00B33DF8606E63A76F1724772CF6E20C4DC5C441142AC63DB52DB386BC706C7EDD236CC4594D0FD5AC1396E529DBC7B4EEEF451B6B75C7CCD4F31EC0B03731E3E1FB67DC68A4F2D7A729CA31D8F56F1EBAF87F71FB9F963DD5F51C9A8E3DF5F50A0AA5CB6232DDD3B19AB7C8EA1664BE274F5C79F66CB3B548DB30CB5C3833F0CC7636515E21A6ACACCCCADB1D3BB91959B4E3418B919AD5A2549FD7AC278C5C1B72A5357B7A32D794C7B8AB15565CCC47C57C7CFB71A53D431F22758B44A17BB79FDDC7674637E02CEA3895C6EA9917B7B2B7DA57D22F2DE04EA7676F07A6D7DDCD24EF37A79CAB69E975D2C4C53CDE57C4A94D17FDC2A5962853C7CBD5CCAFE0AA763501F4E5E8C3CFF002E74BDEB3E3A137099CA6FE367ED47E69D4F0CDC2B35E4AF4CADA8CCF0B2FEA98F48F6B939E6AAEBA1753BCE32441E2754C7EFD1557DE98D75B879254F2CFA3139D296DD31F0AAC58C4016651798A96202AAC9FC365D69119AC6B2BE4286720805727A419623D4DB955CD4D9FE672A1EAF9663750CA79B7B5B1FA4DF6CA31EAC6566449DFA67F5EB56EF23A3D7C31DEC14A7B9A27BBA563D8D9054684DEA273302C6DA9D4FA841E5AF20FA1700CDCDCDEE7F04F8EDAFC49DFA7F583E2607343AB6E5B85897B7B6C6EDFF008DC266A70E8F724EE5B6D58EB464D19538878CBB45B6DAAC56991D296E6A70F2A361DCD2DE99507FA9CC47C77B1ABAD6A0ECB5AFF90C1248831FCF0D451B83C8F227F2DA70FD370AC87A25467F8213FC254B17A5E1D51025619BC5996276DAC231FF0025F2F99677F3AAAFB18F91FECB3DB882810281EA9E5D9C28A9FCDFE9FDA7F6D6E68CE3B9AF26789FCEE281CF88F837A0F33F8D79F02069ADFC19790FF6527DE3CF78D14FE7C78D2D60A6938E870FA530AB26FEB7733872F4716337A9C1A796857500E4E4444D47CCC6ADEEEA78F5515E3F0AB110F50CF0E978D18852D520CEB1564DD3131DE8C1E2D0ED600C637053C3F2EB193DCB5032635F6D82CEDBB95A42FA2FEEBACECE274AA3BF9CC7F24F27E57D8C1A9B398D93E9FDA0F819BF1E861FBE5F069F7078F4FEBA3167D43F0E3B9DA58F5802AB834E5CA750FF00EBFAD64ECE0E2AD58B8147BCCECDCCAF0EA7CBCDB2BB3286361E267645B999BD515717A73D9674EF2201B896D4F303229C7E9F413666756CCEFDCD8E313A472CAC37CEDAF4CE59588F9193EC70BA35F7DD7F53EA3EDC2F51C8AB0BA7DCDFE39F372FA864AADD9597D433061E3F48C7EFE593B653CCFA6E2FEDEB3676F0FA4D3D8C1BCF1AD7C0F86FD3247E78E7FD96644577E5F7F33E9B0236C83F5CBD7737EA06E0D6BF19A8DE07F4F41F70A100F99655B98A9C5EF358C2C7A6CCAC8EAD91676FA63915F51EE7BEA92BC79D516CAC0359C5C9C5EE5D8C96538F33797F8CE914A87CB6FF00239FD431D30BA7F48C6EFE5670F6D309DBDE5EAF874E1BBFBCEA88F54E9AB7D956428F7B9547B9C8EA22FA929CAF6F87D2CD9CBAA065C9E95DD6A98ED97E86CCE067031479EA6CD95D4A8B172319955A14F1F0B1F8A775E774B055200A98CAEB09FA4F676E2B971A13B43D3737E9B8B0B6E6E739CE06E50FE2BE80F9DC3612A4F8E0DC293FECB2BAEFA69AA9C54C8C5C7CC35AD7425F8B8D946AAA9C617554E529C5C46AAB54A52CB5122E4B7795A3F4CC2B1AAAE9C75BE9A7291152AAD952CAAAAA8C70EA97575554E30BA9A32603C05989897580F15BAAA7254E362B535AD7425B8D8B7D9BFC6DB8B9AEB242ACB727168356463641B1C62D3D2B188869ADEC5EEC6D73DFC4D227682C0C4CD912BB397A03B1F1DCD9840703C0F4DFA8D6B993363805D93619DC30AF9F0B18F31B9A0011E03EA2F278DCB7E0259B9EF9C4F7EF3DF98739CCF7EF0E75847BEB27BEB21CCB582D7E4AF84BACA27BF30E7399EFDE36658C1732D51EFAD3066DA07BEB67BEB27BDB67BEB2365DCD3DF593DF593DF5B3DF5905D6643A26A71D0CFEAA340339A70ACE55D07299DE7BEAA7BCA25998085FADCDCDCDCDCB4F94FDCE9B8A0873E20FADE899B9CA6E6FD37E3737373737370F9AB71F669475009713B919C9AB715F8961A85B72BFBDCC6BC571825885B945AD10661ACCE227113889C44E22684D09A137370F99C44E22711342684D09A1342684D09A1342684E227059C045212C56D4CDE9D65E2DC6BA935E55F5AD18F9F9912B4A29CC7E47B6276C454026E6E6E6E6E6E30D951A837BFA9BF1FD7701F4DFA6E6E6E6E6E6FE15921CD480212D67ADBF7E94F963F6FF008D5E98C395BC1795DF8DBFFA47D0F4B660312AC78C5F2BC565CC44B4F1A6AF3FA7F55C1E6A313F709FC64FFF0013F43FFFC4002B1100020201030303040203010000000000000102110312213110225120324104131430426123334071FFDA0008010301013F01174CB2D3131FBD1931E86609D4B4FF00CF1CBAA75FA212B694B827192768FA9A78937CFA7EA15D1861FC99CF228456EBF5E494A32D884F52FD597DA2553314F57AF161790593343B5AB21FE59F793FA4DFB7F5E56E31B4467DB6C7344B2A5C117A95889646A5A51921ABFF00482AEAA69BA4325251E45252F4C96D44215E86F722C5FD98B34547622FB1B24FBAC87D5B4A9FA17A9A12B5DC456A7FD14BEE5757425DD6C8D7B88314D3744DDEC6147C99BC11ED88A72B35AE0B65B2F56C5B23AEF7EBA45D2CFC87C7C0F917A17A50C95B74544C6B96456AE4AA37257E47C5B31A14521C6C4945089BEE12DB724B731AB764A74E8936918BCA2736A547C75B2CBFD0BD14C449B72A441B726C94FB763DB8CC2AA23F6EE3976914ABB8C8BF8231ED26BA29778E3F22E08C754F734450E3062AF82B564337B68C6AA22DF2592F45F5B2CBE8D9671D10B926E853B1F690ED44636ED997C116AA896E4F7D90EB8218EB71A7AB638434A6B62336B664A5B1897C8E36ECA8A355F0638D3B664DE54493F831C286ED890D58F637BDFD0F9259147ADF44FAFBD1A0DCD35C9CF03A44A04551A6D955C15F3215363D6C8C6B71C2C78CD2CD2C58FC8E497045DA12B9129B4E90E4DF488F8F46E51669B2C6C47227E8D723DDBA24FA6AAD873356E25A791BF0589D0E6C93B35693EE33510DD9295BE9C4086CACB2CB323ED2393B77233D4597D1BE899A8D4266A2D165916368C5EF438B6CD2ECD2ECD2C51ADD9AD4D6C697C1A771C5D8E2ECD2EC50669669747B15B218DBDD9A7192DC4FE0CC92A68D459DC6C26BE0B2CD46A2DD9B16262917B166AF82E8BF9231538ECC9475704B34E2EACFC89F93F227E4FC89F92591CB923371768FC89F93F227E4FBF3F27DF9F93EFCFC8F3CFC9F7E7E4FBD3F26093926FE4949F46F44751F9522795CF92CB1B11C165965965F48F24847C747C22463F7233702FD8BA7D37FB0973D3EAFE3D6FA43DB2F4FFFC4002E11000202020103040103040203000000000001020311122104133110223241510514231520617130913342F1FFDA0008010201013F01C89992EB358F055F345B5E8CE9AC6A5A9B19326C64D8DCDCDC8CB6F038C873C793B8774EE9DC3BA770EE1B9B11E792BBF7B30BC0F8664C993264C918282938919425C33A65ACDA5E0D8C9B1B17F38298E39322515CA3636361293F049B8F91D826DF82526BC9DC3A65352E5174E70B3DA3C5D5E7ECEE9DD3BA770EE1DD3BA2B45612CBA7822B5B78FA29B3BAB0CC9B1B19363615BAF23A6A9729E0B2C8D4B488AC9C78F26C366C6C64C993636234C9AC96C9C2BE08CD4EBCCC71A5704AF8C3881382BE192AE96519A6CB2E92B3589754ACF1E5108EA9928BC94745C6D6118D39D523ACAD467ED235555C16C8ED5362E07D25ABC0AAB3F0729E19D35995A938F0D7E4AABD79275CBC9B1B1B0D9B0D6CC7F2449E7C986BE23B23AE11B64F2621A673C99363264596F024DC70463B2F7A2B8EEF9F06A9DD8F4E723D73E44BF93664355EF2B97029C64F05ADC9E3E91D3AE1B1FF0025A751F4887B2BE08DB36CEE47381FFA3C7846DBFB7073F821DCCFBBC17F1336371C8C9B1DCE72391B1F423EC71E3D3CFAD0BDFE936DCF5C9AC33E7C14C72DC9905BFC847B89E71E4978D994AE1B22E09E11286724A71AE383A6C4A792E69CF028F1864E3CE3E8A92CEC596EB248949A8B674FF6D165B28CF547516F6D12BD49E4EEA3B88EEA3B88EE2361B3617E04B0406607625E4EFD6FC0D598CE0E96D94A7E093939EB12A6DC9C8B2CCC38F27C2913D2AC9D3CF687239370CE0828EAB72D5E2B8915872891A12E4CFBDAFC9D5D534F27E9B1FB2B86F6659DCAE3FF00D1DB53F246C53784637BB25AFF008FFD908E2318915B5DB1D6D99960CFA67D7CFF00677228975117F13BD244E7CE0C9396595FC90A5FC68AE30CE519D57B4AD691E49CB5F74BC92CB822CAB758C8AAC4752CF762286978378C1F1E469F7328EA65A72556AB5619FE2646B504F045622DA25D35B396487478F915C22BE225A27264A39C447272E21F43FE38BCF92E96D32BE81B51B13CA3AAE967759EC25170938C878C703F55E0856E7E888C7F270C9C71E89E19D3F5314B13F029D7E7288E31ED15AEC7FC5FF65D55B17F9175538FB4AAC8DCB2BC9AF1865B38D6B6916759B70B82A84EDE516BB6BAFC96DBB7074B19CF889FB8EDBD2E446754FE32126BC0D34B3264BA9A63F792DEADBFF0536F76C489C9473363EA30C9F519F4FD3E2945D92970592DFA6EE54F1832FECDBD3833E9B63D21E494B055E79273E38251CAFF003E95B7E0714BE8A7AA5550EA9A288A85491C977475D93DA447F4EAE2FCB25D0C7579936CB7A8FDDC55705EE3A5E9235C7DFE458489C14A3AC8FD9D315AE0A3A785398C7ECBFA6AAD7EF3FA6D2A593F69534B8C60EBACD287FE7837D78436DF93F4C87BDCFF0007EA367B554BEC979F5A7E5864A0F6C44957A7AA1217935C98351432C4E317C231035F325E0C1422D50FFD49EEA38657754AA8B7225D45515BB97077EA4B6D857D52E7645FD7421EDAF96746D74F6FBFEC95D5C63972E09F51528EF9175554A3BEC7EE6971DF6E07D5531F73913EA6982CB90AFA9F2A48FDC52FDBB1D6750AE5DA87FD8A329CB5872CFE9B763CA3A3A7B356245DD257D4BDD3275E9370CE70604B933039269E791C0C18144E30659821122DB4CD56BC184D7227F5F46BAF91AC728AFA78DD0CA7C9753DE6B1F45B4D55CB18C9AD7F835AFF00062BFC194BE285F866B5FE0C57F8310FC18AFF00062BFC18AD7D1AD6FE8ED43F04635BB22A7C44AE9852BF8D08EB6FDA5D983FF676EB5E0718AE2260C115C9CE7824B2607135306A6BE90F922D586B1E8BE2FD25F045A53F3475BC438FF96BF3E977C19FA5B7A32FE2B674FF0007FDD2262F055FF8E7FD8CFFC4003D1000010302030604050401020407000000010002110321123141101322325161042071913033405281234262A114B1C1243443E15053728292A2D1FFDA0008010100063F02F3DB98E5B0B0E4E08B4E9B3137341C3FF0C92B1543F845E45B409BF1BBA247E108BD4A96F408E0BC5A7AABA6BFE113F8D93D0291CC14110763C7D2495C8AD63F4C5E795AB1151A82A751F1DCA42C33874F40816F28B009BF04ED9D5DB3882B3CC2B667E91A45E10A94DD63A28AA3F2BAB7E91C5319D535DAB916F508E8F6A9D7E3166A14D3B8E8B90FB2FD4B37A2819AEFF063D94BC437E2F379B2F33A4D8A7A8D56E9D9145BF46F4C7267694EAC7A43507A0464E088F89DF45C27975EE89AAD90350A78FF00F8A74022F17526FDF667F4ADEEB01A76534CFE14CC2CD58AB5CAE37C283975F217B8D959F09C267128362131EDEA11F2DCAC8A91B24E4B5D96F3C1D510EE52A1E33BB53632953DE5531D91F811E49D74ECA02DDB795B9F729A3BA1DEFB25AB2FA395CAA30A1E889D214449D51A8C5C620A8A423BA92492B76E048441591560535BD500724315A32424484D6B72C29DD55F64952E301431AB1BF2E811D8D08B5B10B89881169D166B3F371A83A6456EABFBF55FC3453B2DE633FDF900C4E1E88CCB8F525606FCC39FF10ADF79D8DF4FA60468B1EF1CD1E92B87C41F65C5524FA2C0D798D55AA1958314C9427256605905A6C069911DD733143C8B7445CC8FCA973C2871909CED0085678D995D6377E149D8D1D1468101B1C7BA9E8B8BD9722FB4ECB9BECE55CAAE8F1E16F640024BFD505D14304858DB96AA7E19C233325398330F2A0E4418287A6CB09FA38508B345965AADE765EAA1BCDAA03A04E76CE3372BB2851809F45F2DE8BB01585AC32AE0C150DE62B369ED895A9B3DD44C47457CC2C3D17F2286C27639DB0B8A9767DD59A029A860286C95254EF085F39CBE7397CD7230B1191DD7CE77BA8359DEEB9CA38493287C4240CF3584E4837A6C6DCDBA7D195C22EB907BA92C1EEB0582C2D681DE562FF744A1185470AC44E6A1C67A2851897305CC170E4B1754EA8FE6D90D924A9795C2D84E77B2F4B2C6E45DB0951D7606E8D5D0AEAE57D85C8B8E8AF62B9D388749D81B88292E950F10BB28C32B11F8FD942CBE889577C15F33FB40032A5D1650CBA2E40227606EDBB42E40B902C84AC63DBA20D59EBB388DD12A983D559B752E36500DB67AA0D254072EE564808392C4E32A066B08D149FDC8344DCAE44DE1CD35B0BE5A0434494D64668306411F35BC997963E94845EF13855E88FC05C2CB2C6E68CD7CB07F08358002549C9AAD992982538A99BA9155CC8CE140F18F94D0DACF32A37A4019A975575D626BC94E3A0B05406BCC57E1173AF3D510D10A8D4E850768E0A311C3B404F3DD16930005FA7E215FC47F4B8AA17BBF964B155ABECB0D21F95098CE9743B0947B941BD0273FA05EA9ACE81177DA139DF03D540DA3C87E8B88AE133B3B94DA23D4ADFD4FFDA9CEEA530303B2E20161C151CCF4C91232C8268FDEE4D67409EFE8211EE8B93EA6A7258465A95BB0490CB5D3EA91C256EEB33083AA30789D921F68B9407F154EA74CD621995C2F67A61469D6A784E8E170B72E3C43250ECF60551FF68D8FA9D4A1896BECB23ECB23EC8369373D4A09FDACAA54FC268E8AA3BBAC5F7A11A2A87BA73FEE29ADF3CF93B6CD1745FF00753B74DA3CB1E66A73BA05BCA4E1E8AED45EEB35ABFC8F12E0C613C20EA9F82A349220005319D4A819234691BEA56FAB0E2D074409551DDD4FDE50016008787A570D503F2539DD4AA6C70CC5D1A8F968F55869361BA7608536DCEA50FF00D2B03F91DFD2CF8500604E4A1E31350A94A701FE96EFC467F72FB82908FF0033B2933F2506F4DBC4B81A9EF768112A9FF2BAAB53A0503329ADA4C0FC2329845BB90D77AECA54FDD4741B40511759ACD5972E6A7FA573E4EDB63E81BEA88EA139B241695F309ECE5C432E66AC0E60C3A27300363192FF0022B8C0D68B4ADCF8507D46A854ADC55341D149556AF40A05C943C35769C21A2085F3BFD57FC290E2EB629C961A15036A7EE711329D46A387E02633A951CD534685BCF14EC0CD1AB0516E11D51854AB0CB22B10E16752B746A179D1316EEA1F428D3789615D58722B84CB7ED2B88EEDEA9531944A633A9595A14E0BAE552FA8D6859EF0F65828330CFE4A782FC55DE3327FA5C65AD083472B420DD5E537A37891721529B9A2D741D55F8C8D1173AC139DD76E20BD75D96D9395D40D96F258EC08F55CC7E3870CD7F914849FDC10654E1AA2C1DD53A5CDC387AA92F002E176F1DD1A83FC4BB774F4605868363BA9CCA9AB6192B410570B1A10ACC1C4CCC221AE18FA1D53490403982A42DEF88A8418880735FF00074772CFFCC766A7E655EA562A8561A43F28E3D5607B7131472B468A1B7F4589DB305469F545B50626158FC3191F69586A34B4F7D82A33982CD9ECB980FC2BD677E2CBF739DEEA6A7E9B7BE6A29365DAB8A97BA0AF98A06A994FED0AA563AD8218966AD3ECBA37C9728C15197A2CCAB6BE5936D3CDDCACBE3FF12B1332589F4F0BBA8418E69A9DDD75F2CFB94EA829814E958772AFF80B157A91D91DC54E21A2BB256161C057EA1242C42E0ADEF877E0774586B16C7569FF0065FF003D523D02A6C97BDEF37738E8B036CD6D9432EA5F515AE562AB503028DF7FAA837051B2CB64CC05D4755630545460785CA59E8B87C415FF0033FF00D14BEBBBFD17134BBD4A8A749AD5C6EB28A627BAC4E37410ECAA386AE80A951E82E837A7986C20A07CD9ABDFCC7E0C2EAB20ADE5E1C97205C810447F29FED54AEEC9A154F17E3389EE1207DBD11ACF30C636EBF440637BAA351C21CE0B95447E14E15A950426541D21382C0D45BC6F233C226163A271BDD6011F19E3CE37C4E139046B5400536DDCB15178745AC8977081AAC546A0785863354DB4985D4F58EA9B4DD772E5575609A2A3C073B20B047E537C353C9B9FAAA2D7DDE05D616E4A5C49F256ABD059349C99C4538A2EEBE78055F30AE7C93E49F20281F824FE3C93E7C2EB382E6943A1789F74DF0CCC85DC9DE2FC40960BB5AAE386713949BB8F2B57F91BEC02618D1AA6D5AFF330E5DD1A952AC526DDC3484D3E1CF154D7A2C555C5C64C12AC61676D4A7B68D66BDF1A1471901EC9C63594CF1AF60C0EAB8616E19C8D3EE51A5FF56A74D4A3E169D4B937C1D56E9EF2EAAE01A23F715FE2B2A5C9C9BD502F762A9103B95571B8B9B1267AADD523FABA9E8AF5097D43C24E816F7C4BB5377745BAA04B1BDBFDD328EF0BC8300AB7CC366ADF3EE197FCA25171F24AA747571BA354F354587AFC0076437DD66765FCD6DBC2A0D8FC1895AAB1417E7CB3B5CAA9AA269F45661A9A9BAA5E1DCD0C3CC437FA5BBF0ED9AAF3C6E39302A82A3F1414C0C7FF0093E23F63472B5337D537951C3A59AA9D163A1F51FC64E9D136978406AB69B61D0BF562FCAC1FB7655C19FF00DD7F92FAAD6865A106787676C5D5358C73A718CCADE3B969DFF2AA78B73B1BB2A422CD41E186A54FDA3BA778AAD537B5B959D1A83C30D4ABA7AA66FAA6F2AB87B2DDD09A6265F551A58B27417BBFD53478461A94D8D0DB2A54EA3EC6E298C9A9EDA6D3BC7982FE813C5064D575B19C9A1607D4351F17714C14C6EE934CBDC7F7944F95AD5BAA63161E10130D3B61B16F45C59AB79642E650EBA242C94EBF0B256B7C09390DB712AC0282A35F3E28B22B735670A2DF0EC89CCA6BAAC870E8B050606840D66C3BAA8A14E3BA02BB2616EB750C175828330B54B9D2563772E4A45DA56282DEC2CB0D0A71DD35B5C1E15BBA2CC2D469556CB0A8A14E3BA34EBB7134A8A14E3BA69AEC92D41B4DA1AD1A2DE54A5C4B0D368634202BB26355B9DD7066B05060016F2AD3972C2D1858345829F2EA76435455AD7E8A28D6E2E89F56A6813BC656E6764B78C71A357A8D7D571961F408C79ACA495845966A0E7B23CF2AEA079B115668F642467D167215ACAF70B86E15EE7A2C5EFB388A90646CE16CA87085F8523357605C817CBFED70B005F2C2B3005C8172050000A4EC8CDBD17CBFED70B005F2C280D014100AE50AED057285C8164172056E1F45C817205CA1720418785A73858582C14B9C0356E7C29B6AFF00FF00158171EC817CB4FDADBB907F89702CA7953067DD49B342B82B5F658694F9E364842DE4B7C56F6D8D3AA20B6E88306164DF64DBECECAD91D87A46C87645750B758AFAAB00A0462FAACB634953982B150ACE23EC73ACBF529382C0C7DBA4282E7B29EA4D90A14F219A14C1F5F882CA0F90FC69C2119D4791A3F8ED2D396C6C6B9ED00E48F08C9380CBEB9C09B0C948CD095CA1084E23A29F873DF64EB286D299F8F83FFFC40029100100020103030304030101000000000001001121314151106171208191A1B1C1F0D1E1F13040FFDA0008010100013F21EA367A30BF808B6DB09ABD8CD5EFA0526137B2D4E22FA47A3FF2B972E5CB972E5CBEB72E5CB97FF25A8A1C5B130AC6D2D4A36A185DF4F52FFC2F1A41E105466D134461437253977F6816119309370DBFA9663AF4D665EC0D3A76540B40D27989DC1B3D16F670C5F48CBFF9AB83898005AE84F3F642EA4F046F569CFAC0B972E5F52E5CB972E5CB9B1B6B016C1BE8EC712DCF65F5942181E85CBF599E88636CC209A4B460E30F73DE53041760441A65CF5AAF46AC0B88F0BAE666E7B422AC2F7DE2F09DC44F9BA8BEA3ADCB972FA18B972E5CA9C53632DD25692BCE766900037668C3ED972FA2E5CB972E5CB972E5CB972E5F4C5C11C0F296A6A7C11362B3E2530A5532F00C3520D9D57D61D2E593F2EF028ACF84CB59602340DF261BAD7B7041EAEB84B9596A620E7A3647312B1ADDCC0AC0D9DFADC39C597E9B85E8D251A5221DFA2E30BD30D425CB971D98B9430ED4A570DFD663ED6CEF3B0B01D98595B690B12E5CB972E5CB972E5CB972E5CB972E60B98A3E9A7CCA00DC3E2214AF90C3BDE1F98C6101AE03E8C4A2609DD263D1A116F03BC7A5B7B3F267CA59FED012996D1A6A7242564B02AB30CA4D1F1D2E6B920CD135E98F52DBD3A4684D4B6A5CCC15709366ED5C6B35111D574E1650851A57D0B9A6EAD215F6E82D768F882D62279577B80CD5BA528B531E66C7C3FACFB445D59BD09DF93FCE6703F4AD0763EA9660698E2D5FA2E5CB86B8CD2CAC57F4A2A95355CEF170B1CA69EE3F8A33DA9F84B9DFA1A173548BA06F1AED2FA022B411BB11478731042D61B896F9C3802064E4FD500299FC3CAF7FC75D0799DE5F5257FCC51766F43A6C990D22B0E26BCD1466BBED9B4A026F48666E69418AE5D2283B4270A690370065DFC528B90F667232CC3EEA32DB020B86DA35096AB31EF32205D982815D04EFF1288DEB8FBB2CF82D0260FA5CBE80C085C919C13E257129B910DA9DA2B6859493B31159EB4283F9E21668B7762211931B44B02504CB70995B8E0897B79DEA385AB25CB97D3458DEB15ACF621717D9D6E828DE6663996BCA8C23D8E5046794CC57817E90D3EC97D29C43B198344266E2D75D58889ACA3A2DEB3523B72E0ABBAAA88B5176ACA05C3B204ED004F732133280217530402C16C078FD8829A7CD15F08E899DFCCC41EEA4FF000211611B2394358C25925880BB15B74690BC5AE2C9E23EF0B39A08AB4364B43E0E3A046C894EC8B436F622EF8A03A302546A784EFEA3742F7312DAB272433560B4277833C13C3295B18368D201355AA06CA77B456DBA966B86F9943A3ABCF89BF968842868F5731E8771F4E84321CF498A27F3A58D22BF0BA2DCB9684B82349A677E8F12E9972973A40A0FF9A545D6504CA259BB818D943B4D55AF11754832DFA485057DA2A252BE2301F849C2ED68CA18BA96802ED97FEA9AD65E227B1B96A3A4B4CDCDCAD3ED1C690BD8B80AA943FDA4A1D5DF778E674D9DE07D4B8948E59F690794B05F8CECF12A15EA16362559DCBFC74F46785B77A4E93D00712C476E33F624FD892CE8BEE4D6275D65CA0D84FD421A605DA93FD027832AE6077FFA060156B98B86D4AF15A55B2E6252D794B86BD58F5D5D31DE57AD42CE03BC7A3F18D83228BDD96D7302C2AEF31E6697E48E7231A53075A86543BA3E241B6B96B35D36733FDA9FEFC78703B73064E5D04B664CC7695317423B29E0896E378FD94F7476834C110D00691B24DC8710A0DCA54B0B4EDF31AB6F920C4C9A5C4AB56C5A5957283F897C61342F7A1C7F92160A3995364833994694D08AF8160A266D68C5E197ACDB0EC71E8B97FF001599ECFBA21C3144A1855F686BD58C598B99E349E3FE38EF25BD6BC13B7F8401BB9A65C20062E02C0B9803610D277D59DAC255BDD9C241132544590A7CCAE56A57A03196719902D3480DA16E6594D2A86B15C0AD26447B2F3369A77862C667436005004A0BAFD6006A4A52094885C384B749831BD4666822844F0C1317785697DB9839556B8D20134B54E762019A096A51A2DC4A680BDA5A9E583528D6B888F6595052DAC010F763AEA68A834C12F2F2F2EDBD08D99A8CA572F1A35ABC1102DC618F4D25CCDC7783B4CAB8EAFA3BF4CBFE0B23C90879A616816D7796299DC216B500ED1BE4B0BCCBF7B011C60DB8DA2CA2AE378E22AA5192EAEDF69E10C4A236B7E63A345029E010711A4165B634AEAD4767BB94CC7387525E2542FD825A4527EB1171EF085CB5BA3C60F6627EABAFE250282C04790DA0492E8E6576466713607B4340B0B26AE070CD86789C2D2F417D92B66B81A4F75070616AE2FBB31DD9172D9A1C3C3978FF00DE5F9A7DE9F53F796939BE67137DC9416ADA7E2367D7D234BB97D422FC8F1002204B312EDD6E1F6272E2602579F458F4DA733123B884AF77C4A7FBD39768B1E59505A3E60B681C4D27FBA12CCBF04AE851561FBCEE48C5E0B0A73ED2E54B6728CE9D8C774CF997DEDE7DE5C7A5497FDFF38F69C38A85DB1FC61FD3678097230C97BC228A578A9411A4B59092CC7947BC7EED4AF843F3040D457E71AB43CDB4D4ADE4BF98E0ECBCD581A8FCF2031AB64F19CC1E0660B3A7F646C2EACE47A0F68C875C60E89761E830CC9954351F797FBC2A7B4BCFC3DA0F016CE18BD7897BA15FD4407465334E303DA73360FB4541DDFB4C0F49D13523A68345ECC092F573071735767D7A52E2C5EF28DB7E106E370DC85254798B19F8E67707B74748ABACF12C35651BDC781AC1DAEF17438EBABAAA0EF1A2BB742184ACCFF28F73E3328610BCCD470DEB0FC4C34D04CEC764C0C24CE20164F07B76823FA1BE6075855F89993189E0C4EEB4FE22A800DB0B5686FE2722A2B4BDFE270B8BE688FEF32DF3A2F399575735371218178EF30FDC849FB0FE62A6FCE9B62B694C7781E095591F5B263B1351D703256CDBEFC4C96D5DC845DF9DD947CE7EDD3C8C87DC9C4E2E09381F332CAE1D5F19F996A82F6BC4B7355B95EDF27BB3DB67E250644A232BA8B4AEF0319D114AD6D676681FBBEF2AFD0A862AEC4A7AD3C4B73FA4D590F2466946E845A582C060E34F42DB3ABE92BC2174BB84AF6D1614CB979E9496D888158E7BC7A1C4280B34CD751302BADD2764A2CD204BD59634CD0B4EE45852B32FEE23671983FB88EA768E598EAC66CFBCB878E1D6FE04B207B07F699F803897676BF7CCAE176C6AC4EE002BDB3F5B9BB4F2466ACDBEB26EA26C5FD209FE29432310B2EBBF1BCA07F32FEA18A96476FE20007D57F3103509F797EA02EFA9F98360FD2A8BDD09B7F51C836B97C08EA4D3EC4ED32BBFF16C6ABE1DFEA61ACB9C5FBCB8FC347E0FCCA5F6C850E74C2894C8BCAA1B20F788FD02EF34D63E5FD43245815034364DA038401CE69B601E2D29B481FE666B9C89432E1D399658E96DE6B450528FEE09A20C5ED380563A6268BDE088E9B4C91B57C252CDB282A20C97B041D2260EC34E46266258CFC659E65C4710EE1DA6E159549C4B71B31E9241D62111B115CB04778074F4DB23526C79F798CE4C3AA733174E86DEFCB069E90D51BBDC724450B9BCC78703FC93947F552BF46EF7FE614BF70C2884741A1139781329AD7B47BEAEA354FEA2800323553B3191601AAC8E266698DD1704FA2622F70EB0F3FC46F5AEBFB6256081F045AF6784D872BCB98C0EDB3380E1311AA97F0897DA388561ACBE81B57585D75825CCC1EBDDF667661A2A2DD5D257E6CD97D13F6CC66D3FBBF0850E57BA517E99B4FDB606B1D2C9BDD45B5BF958D23430951B8BDF2FF92A165FB07F71F6D96A779F0C7494F681A553B4AF3A0958D328DD47898791BC4CFA8A8D9CA7BC40560E1292B4348ECEBAC0D3478E999196ADE355103CF895EFF10A6B58948E6584EC429D3E85A258E95AFA2A7D22CA8FDABD6256B856DCC64A5D70FDB1301434B11EF0FA30FF003CB52EE5E55F1A4476235B85D03FB73BD0177F663A8D1C92C581A56D3868D83EEA398F4575BB6FF13EF9F7E8A662D2E207D4825D678A3AFE0F78A530CD1065311ABB129C1ED5A4180B6793EAD409BADC5D450E90C5C3B8C2F106311AE7425AC8E7638551364C1F089EFBE1F8667AFF00727F534FBE419FBBFB40D82F045329BA5CFDA5293E02016FB220B5CF842D92B987EECC16C2E2E69F40C1044DAFE5F5838D3D01CD34EA403A4EFAE2660D73015B9D35F13A6BE0446A9469F223C3A7695BFCE668C92AB71AA263BCB2E4C9116718F48F43A0B54AD12D88CCDBD7F48492A7738F41D0CBB6FC3686E40543EA4AAEDCA836F19795DA6B42AA166DE8701D04B68E2FCE84C463A52D6541954F25CD653DD9C80C790F398689DE2E30A25E04942B7BED75FC4CD6EFAF98151A37636DDCE7BD2A1B78ECF3013828F6D2B9984D0DA00687D256AEED6C4A8402B6D1D9034E6C966CEF8450E861F7A735EA5E99D265FBAE6D35DE702F2E207AED5C658B6C19E1B4BC16B89BEC238F4B6F68B1EA9AD43DE90F480A86EDC4CA394F76DF59502FFA8FACB53A18F899CEEBF59BAD45BD3D3AC1E9A0EE45A9BF97A31AE1105A39605E1F99AF930CC3D84A4B972E7380E82104B9EF374A3698199768EC39EB2E5CB95398BED344C16FE47336719E2691D27C754359C273B12A4C2FE8F0FF001142AAD234AE2023D072450DAE93BF6378439831D5A68452A676CE135E3D54C831717387687FB0C965A3A740D4856C142A4C94B9F9BFC855B514DD35F68D6B7955168AE12B52ED2AC4123936BD6556F0411BFAE0BE5562E69D5EEE2D67B34B0D95F59BE6686DFE626E6C94357E66BB4124B432E055472A2512D2DD039658108D1F98AD62F277DBFCCB9B6C54A8195E97D18B9A81D5781FDCA419ECF1A12946B8CC125CB972FA2E760A4A3CC625B86106AE5E6386655EAB972E5CB97055D310CEE431AC9660A7BC4EEC8142E5CBEA5CB8996DCB2D59DD704F29A3BBD9C4B01D60E7172E6420CDC6982A03B2315E260743E5FAC2054616B679602A72DAC0D043F9C83C0D3CCCD6540A5011602BACDEECE47DB0035AF2EFDA672A04A0682FEB286369A6ED5CFBC7C50E1A21582F786008C67F3AE357D235B216B4E9ABDA191760F93DA2AA24BD041D0DA2525E65EFB2642897725DFBCD485BF72CC74DC8523C4D61927BB77EF3296D95283C1EFF006993CF15AF011C8A9C98DE54B02F0E27CCA691BA1A602F787F8259877D660F403C8994B0020AF057EEB340C48CF01DA015A56BCCA923409E39E3F996EC37F699B01A1BBAB2A6BDC23151829439C4D43B972E5CB88C16C5DD51A1E9CEE4D0AAAAE7063BCCAB3172E5CB972E5CB8D30E9A965A853961BF9EEC5D5B7E65F52FA28DF708EF3F13B2765E5ACA1A29A9F3B33156A6D972E56180F3289A57129CA5F102ABCA44A392F1896806A3795D335954EF8C6B5FE63351C51A8D4C9D59AFBEB2D94D297F8875D85284CF9D6072735415EDCBCCC4F918704ACC1AD266F6EAB4F88EC57D57EDCB711594A4A66DE6BA3133B12757FCEB39920A8D469D51F9D670E2B5FC43D132A54BB4E7AE7E2116980096EE6917F8855D4B4A2B3CF33C80B35809A253AE7E3588A0768C4AF0EC0DE04BC111C5A6ACA1DE635F82510BC8E7E18A31B1DE267D5ABC3BCBCE9AFD8B4612077542760EFE617B972E5C7253A46EA488B467111701D083F08652FF0044B963BB5331B35972E5CB8D0B981B7B43949420A0972FA2E5C21E8E81CC155E2168D757660EC0EE56BF1038C3C10D0F19894A29920656703F33BCF4E85434AEC173FC508F86A460DB04944220DA05C741A4054A798EC9FBCEDE0EFC84FF0042521AE7580995F99FBECCB8BB91580DAC5687793B783B21CB99C9F24B7A7920B4A6EC4141BCCA925CB14307D3574430DAB59FBACD85E09494AB3F7D8A687D3728E2A14020116825AB704E8680FD7CCADBDD85B2D41320FD1DBCB31E75C41E5EEC04EDC199929F35ACED4A8605DD348933F502D1B21B3DA5BDD7699606789654C593BDCB504A6BA3A99C62F010F5802B46E461DD1ABD1ACBC82D18AA37D7997D8A1A1D4BD1DE161399AD57A4CB171EAEEDF428F98E2509A4DE087639769409A8C90729B4ECCEDC0369D99D89DA9DA806DD406A9DB870CECC0B68A6D3B5D2ED4ED4ED4ED40276A0DB4021D9262C01CC354C2CD4EFAAA3EC946EE758F996C0760C4061E02BC6F3BEA0E66CFD982AE923EB01EC251EEC2115572DEC238579836BB30C7B9A4C1E12DAB85712FD0EF0F4C201C384894DC12F0DD97E8C01A03AEF832EA60C9C1BEB750CAF84C76C36974481D2FF00F5EB0CD26962DC530E2205EBB23BD959026C07C4A9AAB69898AA61129595DFFE7B0D5A5F4543CE1B9A7C2689B3322DD6E110183F44748E91D21D473D3FFFDA000C03010002000300000010C704F76DD60AC76BE4D78902251FBACB0CB6F24087CCEEFF00FC9B8CA478575C442901DCD8CF3C0686B73042072FCB20EC29450D7B33A3DE5531D0F56E8C57D33020DF44C0A268EA2716CB0C264CBD3A3603E71BD92C7003D0AD5EC419204B57723EE7ABFC5468526EB600CE5B056DEB61B7A06CE2822F617996FA622E783970823296816914B800227737AE03E9EC161B59732DB8CCCC29A889A68A113DC3E2678B8474B9A5A8A80DEA972F80803E013D5BDBBFF464E5BAE8984A3B3A8340B8DF8493688BC9B42BE391F3D4396D6FF26E256FCB7DC6C96371635255C74CE05118566BE553FF0072E87F86A5DE5DBF1F3495097C0A90F51E38AE0F7A43BAAB2E484570EC486C3141E61A6C1B075AE78EEC5BF438E31707B195EEF0FD59B4B80C843533CC5CFE3E21684249C6DF7FE84D56E3FF00F0B2D017EA4E51097CA879C26190D71828A08A9C3A2432D985F3C79F892FF3B59D03FC17DD0617FCF9D0A27830827820820818DCFC10C208209E79D09E8C30E0FFC4002611000300020202010402030000000000000001112131104151612030718191A1F0B1C1D1FFDA0008010301013F101B3C6936CB681DE81DE031F0B89CE117C7157D36E2A3A4D0B97CA18FD8337EBFBFEB5FB1BB01C34B8686232D21C9C06D6094770CF2BE15BE29E8C8FBE8558A5294A52978AB84A9D7FC1A99DAE671045C8E0B345D9D9C9D16A7C708A35CAD97890A80BE988B49BD98CCD89804CD155144CC710CEF26491566C8704346B88C57859C0AA7C5ECDDF4B96E21A917928886FC0724B944FEE06D279279A6CC4E1911109CD90AC4FF0026F17A52C89A4612BC64CB664DA08B65A63668980E77D11B98B21AC1699B6390B23A2EC7A0F409F4D67A0856A37C3462248A52C0938874D9A1AB74B81EB86B92F14A6C64F6343781B1CBA2ADA39DDD42448B860B819D45E98A5B2A693EC8246F4538A2701465A42E1D13D0696C56D304851B6A84CBC9052947E84F866E5452AE0B6CF05F63819829E28D91B976CC83193A0C6EE4F643DDBF2520C28EA7F0616521499791D60C598AB0D0B3F26D18B302C963C05AD0B7F03685325825651B8647831F80DA24CB636F01566036035EC138AD9698EC4CAF6C6FF6D194411A0AF15A194AB4232C29B0D883B16AE173C0553784D85D0CED9D483E008D425CC63B6CA0CD2D0C72DA0B3F413C60A5423C872932947E036D14452B14F609931F512661E0AA41D8AAD99A8C413062C28993A67C1A0136AC0ECB8F4216A1A849C22BD9DA30F931EC6D42C33A8084F194D6B66548644566D91B1EC763E1804A34832953451376A1AF3451938C8DB329248C61B842D50AAE85DF44695F0506569316A439213BAD8AE839CEE0B0D4BF2653F4659E462C042A08D172518F074475C95C0953C678BCD6B8A59D419AA7104C088E827222292EA260B7C9113830E0D4F03C413402DD28CC3DA4882A5810A12F06ED606BB33D85907CA616C3C0EB6B8EC639A634C912D3AE8AFD0F30E62161907BAA90DC31B3900FAB52A0181B140A5025628F706946C2D5C3342E874484B1BF07D91D56E7A282620B0E2EF3F2FD22C6A705B8F85BAFB1A5ECC567934FA9B9D8FC86D7E4FA351742FEAF8FFFC400281101000202010206030101010100000000010011213141105161718191A1B1C1D1F020F130E1FFDA0008010201013F108A7A1FBC667E7475AD712F4D31E89D265E8525633A8173155456525256525602124E0B6A5FF13DE351E1EBBFE30EBA5203FCFF0073EDD301030098EA5C2388CEF1294C7E8CFF00842D88D50AE868F715A14C54C9B07986AD878E25F0C0FB8A1969697838282EB493E0FCCAE7416FB665AED3EB88B1A7FD1365A8DEE265A5B8BFFEC3F83C77057898879E8F175DEB32A54BB3C95021D118180B02AAFEA0C0531C310808875292D5025F3CFB4031213F03F71B46FA7E61DA5591981F4BCCBEA9E855471A591EA0EC9558A6258215DC1A3F867B587B40AF0E821A35298406CC11891AC4129911C3C8F1E2288526D863AC54132E65EA41CB4BF41109616FF309F0578B32E3C377F12A8983F12C0BD11704E62BF597AB2BE6126A8F8C47239B8BEB98E8E3EC957908501EF1E3D4970C2DCE6504A4F6981B2C16E7EB03FE082E62F32F63E52978DBE25583A0EF96F4DA56A8D4ED7496FAA2A4A94E9369975C4AA63ADC19E6D7A92A0C22B4B740246DD420280304F44DE6A4DEBAD7EE1D880A9B86C0D17995733026EA650D626085DCB98C09E1925029FF006322B04D3C941157942B6E99743FE3D1A5BCC43CCC32A6E665A28B4992B3029E614D389B3C760DC157F3945C21DE0DB51085871070A96222C3B7F312F736C4C5C547B83B36FEE3CB35EF72EA55CB5081E2BE21653310F623DC8D763EA522FBFD40E272B16564F541687CC37AE192E1FA972F147EF19659AE33ED1FA22A6E29A636416ED8369ADC5709A9BCB1E7C54A5E25CB23AADA8936CC9117BC42C858EE7757B46CB95F306CD986BD11DA111DB984240054F0A73FA232828254C2EBE2354AD6DED0EB6CC20FA76960F3C316CAFD633B29D47396EA28C83CA6DAF766542A73171D525AED900533854031652F18043029F72C6400AB7137B445E3A2B6A226E66A2308128F44DE2205ACC0B6E58C6BA5433954E7B4357CE9BACA7C6E2C060DAFC410BB72661D96BBEE5B8F112BEF220C67CB1B808E538EFC4BE210DA6E20A47B645FBC398260F27106CBE63CA078B3BD9E1327A70444DBCC078C4C85EE50A18AADB10D078B8560E407C7F98336A0998731B857129DA2724758D4A879CA18DCE0D398AD292C9AA1BFDCA9A22C875B2B22F355E3F50DFD8F761400E62FBEE8C188FD5AF54D54BB0116EFDB12EFB2B7B1DE03A0BDBB9A228E089CEC770DAB7CBBF796A1CB984DB60E1858569D17F98D32846B9F060A5338A5C8198CDC2AED0AF5621BC56F91328A9500C16CD43ED2E16DDC402895306E005912E588D4759EA950B3CE3C955E4DFEA21EC15F8CC640333BD55730AC709098501CE75280BF9DA37D15E7301A9F196593ED90968C4157D995E479B72DD35C1CFB41AC076BCFB4A8A0F97B6E14129F7945C8F6CB01335AC904A4D9E337CC32F0C7694B2C9B593B5C5D3AAAF84214DD599B8FB61BE9202906D139544C6904E7AE8CC6B5981E9E9C8B574462DD1E930974BBAFA82E3BA82E652FEB80482D940C7708F89132A81FCA8C48A7303C9396E5690355445536303C921364AADD6E5CDD6059AC32030654B56B02BFA2FC651281E777EB0118B0397E21B04F58051D722CC5578E610C09664253A5EA610208A8CFAD083379CD8F29AFE3002E198EBFF53984F6E3817044ACECCC979BFF0058254D3D26987D8FCF4351E8FFC4002910010002010303040301010101010000000100112131415161718191A1B1D110C1F0E120F13040FFDA0008010100013F10FCE7FF0017F8CD269F437633A2AB6AEF020B2AED9BF980266D6B5367F148C4F09C33113A391B92825AEBF8BFC5C4B991512A5FE6C972E1921895356059DF2BCFFD02E5FF00D02E5CB97065CB972E00B7480384773FF655A038B2AF6DDF620C9609950C65EAC6B6D845E8C1FC5FE2E504B8FF00CEB0953813520D584FA4E84602D2D06F2A6EC317A37B22E5C023B008BAC694B1EE422F17B869F860D83CFE2E5CB95A1DE2A5DE5C2D511AE8F8C9FD7F853AE52BDF04C2B1769C31090521F833DD23D1C92C65CB972E66FC2E34EB1388DF133F8C1106F1E24BBABF889AA5E2A52ABD6685FA368BAC0163E8C4E6B5A0FEC4A7E47FFC03CF1A7B597EA56585AEA9ABFAF58FA268BF07895F2D4D35734FDC4F6241C5744849C26A3B4B972E3422D6E5CB972C972E649604166DA579A6E2101B567929F68ABF0046385BAB07996D406D642FDDD6BA92AA40E5D5B3DA0D01C12D8B0E312C972F7369AC91151A4AF9C8BCC5B55D5D7F0F4CB857A9B3EFCC0D12A5D1268303B32EBC20D7F5035D65FCB2E5CB25CB9CE5CBFC1FC841ACB74996BF83F819C3B414851686F8A4EF08E9012F230C52D7C6D9EDA91886A96DD5E97C9D7FF62BC36F45DBA7E3DFFF00C1FF007FE3DF3BFF001249CA5952BFEDA22A557BEBA3ED83AF6A1C1F777E9004BA13CAFF00620F501C8357D4616AA60EA710011C24B9736A5CB972E5CBBD223AE0851A46361C8418B1B735BCBFAAB74BD9C93DBF5A53FC01F430F4C42128A0B7A8195A9F8D1BC4161DC8BCD95506C6592A6B8E93023A31F49AA068FB8FF02E8A7C7885000512E6AB8E6323996BF85CB9706E50205CAB924CBABE3133821F46018CD04B5DFB4B34F71282E077DBF29947268345CCC78C205C30AAB35BA517E23D49073D171145B9BD02F33580BA4F158FAF1291FF00E3FF005FF8C7E1249D30526E4F683DA86DD2857C40D2DD8EC07B044856A4EF6FDB13AF89DB459375C1E993DAE109B9EF9972E28CA5B7E06AB5A3AB04686F30384B0DA5C588ADC7AC5A4A881944A54FB8FB4A5E906A15C5B7ECC3A58372FEA328C6145A819AF313D05AB5F30CBA0D89010B28ACC5F5853231C1D8D48A60D65D42E499B536F117311528352E5CB972F11F57897D65F59706E0C12B70479A414DCCB5EB2C8D02A3276A8EB3F84F15B7726017029FD729C72E95BF89917E35CDFB4CF7E9EBE5D085243A0A079DFE23744D2F5387EE7205A3160392C37E6506A42DCD6DAE61A167215EB882304D50DCE9AC5AAB21F71264E5EB3930F841E086CF13EF199B970CB779D65A0B96CB9F42345887303593992E05C570BD60C58C72148A6CF05E7D18A6ACDAB307AC183083F03918566831E1597DCFFBBC40E4E06002B4741F32ED4280686312AB0314F47FC7B4B07A8B7B65F7303EA7C1F85CB970996845C9ABD38EC46322D6B575DE00258E9F85C1080B57695976B6E9755D5DBA4BE73A08014383B85BFAF68357902BA4AB7AC794FC4522232BB1A7576F8E22C44530E5F52E5AB8CC1D67840293AEE7132828D92C1D62767E2FF175171066D972E19975098EDB0BF129ACDCE88C0300BC9AA01EF30DE97BACAC68C5DB3A12B4B2BC183CFD41108157455AAAFD4C51668B47B267C4170F03F0476C5AAE66739579870F48162535BC50E600B18746D0B82D4DE89A4D91D8CFBB0165162707F11890A817C5603A46FF00A016ABEB39589AF63F715DCD406FB1FA8DCD759D0CCF075C3FD82F46DAE97BBFA224FA2C3FB6702191672DDB1AF164A0CDDE90CAEE967BBF1088421996F5E61A1579FE98ACC0F21558BD366122C744D503DC87119D13370AF47ACAF1AE20C15A3243267142BC2E28B6B0B01D93FB31054C863A8E1972200EE162F757DA15C5154DA86F0D7F7792BEA5071BEF0B03F912BEE44A2D4A9F17580E3A817E6B355513035CEA37BCB9706C052876363888A60396C6B5AD3DA1EEC1B91355EBFF009CCBDA6ED4B5A716CFE970A7417E2FC2E7452F867A4639D061799434ECC463D634E4F2712E5920561A235DE2C5D456CCEC41406ECAAD25402151D21AD413CD46BA14C2A1928798E902464D68BE95184A28C0D788A5C4BA345EB5AC797731FCBAC1C75580147FE41CEC1258D7FEC75A424BA3498219FCE26007AA16CAD82AC57D5705A50C1998B3EAE7184F017160A06B3AEC57623AD222AE83825F3259F52118E9CF9FB189694AE6665E96B6F85F8A9972C9A4D3AC7BB0F271E597C15787482D835710D6707B01FB8BD91F4345E65CE442393D917F5FB9D591E2F108B36F26FB7EE316D3A647D3EE5383D041895A687D4F6D4AFD483236D0355E2002AB77BABF68DB37F9260FED227803B2D799A1CD897DF882FF0021720EDB66A245A0C9759E7E603A06EB5543089AB2BF8E6187BC9BA738E7E65C08DCB8408E8C76E30B766F29C8BA4AAAFDC51ABB12E5FE40AADAC5A9E560023663B0AB6F4D2248220942BDAEBF27986BFE2A2C388E8585D5EB3BC85649703532BDA0EB71A82D7682B08B727928C47C4F4401B4DDB2E5CB972E5FE2E5C13479789A92568B7154E3CDEB93E25C9AF7A643512F72E2798355ED0F4D42D04448A64B529DC857D17F89A90706BD5FD4403792C67BB2CF0DA17E5D3BCAC168F67B5CB800A0B790B964E4B10497C7898DC0BD3681D6E5713B40FA1B6E1E7335FB40B5CB78F1016AA175A332821C0C3E251143A30AFF00715E2DA629CF9DE5EE5061BA957A1C3D1DEBE2FBC61CC89EF1CFF5CFFE4351AABDE00B58173B541E0FB675E61BAAAB783FD9A18C49F08C08251BC977F50611F226A1896AD0568F2C50E9606818837318716FB32D75A5ACBF87D50BB84D6BEA8E9C0556852E2803330B5F32A1689FC6D17D63A82CF4987FABD267D1D667C47769442BC41C4B972EC941B1E92E5CB972E5CA1D38195559F13BA4C523B23B27304A700B6B5CC708097AF602EB47D3F1CA9B45B560E166CF98337CE60D313734F896D1ED28357D25743CCCB4CCBFFAB8F808DB96726ADDF30DDFEDDA3A18A18BFEA2EC3686A5B83C45230CE5579D2605BB27573711BDD876310488F1639F32DB16145B798F5E2B1BDA412E1B353A7AC1910A36E9FCC1C89851660D3222E97114C49D5AF7CC628EBAF1052DA51DCE0F335EF28B4C7BD299EC41CA4DEFE565F9708D3EE314D86F3C1E9981A6B3C1AFBC305AB2EEF30F1DB2E9E36966CD5CC011DA6D265FCFE1B3661CBCFB4E98D0C2FDCBA8ED33AD44EC4D559A820B078951E80A3EEFEA20A5B779D5F98883FF004D6234989A254A17C1A4784347AAA533CC7A6CD8A6BD0E663E5785B0FA86117A1F20B6134B83B220CB971219C4032E5CB65B2E5CB97281628DABB2187BBA4780060A346FFC9B3561A62FA4D8E6C8699710B6FB4D044DF623183CC485B0ED101A548BEF02A2AB5FC529D7E7FEA87976F59508683367ACC5890038BB01D3B778DB902D0CDC04DBDD61F7348C65ECBA442B5220E843A4118653DE004EEFC1537093CB0300192E3505BEE995E9EDFD4320A8E71F5296EDD251D6309815F4398B225B8A183FBDA246B5A1657FBDE6621AAD2E0D9B9842DF504402262DA661F926D2D5A7FEC1551A96B4BEF1AE7622D077605B0B9D5CC1E6911821CE079974418EFF00F92F91EAD82FBB2F8D9DCD71105059AA7DC385C5B1516E57425FD25AA2D70FD9A132A76D5E872F04B3EAC5FDF57583EC2900339CFC1126D238377BC4919700C117B19294D05FD41128777C197DA72A8C0A317CF10D48C2B0855BFA8BA6090DD156FC47D18C53D2C3BE66981937A3C42A009D227627620EB4440137FEA959E80AC3DE352C723B3C4ED4D2966C5B172019691A9686B580E259BCA3BC55EE17D9C7F712916E4F7208B92D4BC84AA280A9728A3B3070B28A5D8CCBBCBACD2D6738858DBACA91C167D4DA66AAE0E26F634F588EA68CEFF8A37208C9F58B06E3CC3A89445D8C7CE208887190F4758F34C2AD69792BAC630B8ACC0C7CDCAC45748C652A7C8323FD7DA2DEACB5B983F72B46E7B197E3DE3B51A5D05FD4A0B6B0BC16BEFED14685A8BA2241F11374343791F98F57B50A5DE9666047FA1602AB43BFA474524296B831165856DB2F481796C0BE5442B29BC0FF006FD635BCDE5A0F010ACDB0FAFF00B2CF4A8A62DD0201BB78AD2B88311036B86A1736F01EBA9ECB19188B7878FED61D033110EA808047A2FA707CFB4A05B1E161FA8AE20B546E89A7374368F1691582BA4BEF528310D40BD4A5F996113A510705B411D98BD35DF9DDF686CADB93552AD803F42A3BE0F865AA5A9EFA1F3339FE11A7D865F8C12F75F412AE68C7AAFA19A8EFEDAFA869316BBAFA25EA5EA7870F818CA907C8C7E92F6D5655DE5CB972E50DD087730FEA5E25F647B9FE7C4B094FA0FB9420CEEB959A68042A9A807D25CB948F5DDA9DB31D15D45FF91E46AEBDE67D3EB2A15A3A44AB168E66907044A655EAA05B8694369A8E080D53AB10D3C0B236607D910680BED2A094A6EAA0EA0A955B7683051B148D594E51B992911366610E4BAE569FDD2754FAE69A5F76DF129E9943D0E7FAF588B2DE6785C444421E352EC6E9749BC6AB1A5B6725E9D7351CF209AC50FB6E6344D3C2EDE0946E14DD57D1EF2B76027572FC11F4527D57FB0470105B18D58C668BACDE3D96CB0102D967DDC12A93A6C2EEF762240B569D87B5A9D22C4C5628ED6FEC89ED2BB66B45F07EA1522A26CF1E4FEE6C9958F30A459AAE42BED2AC0D76F038ED33403643B5969458E72836BD4B2F6DE075CF4EA192B94F8987C3946FD4FA8F64BDA25636B2FD4D464FB1F63D2322B4B5EB3126F1DC1F6CAAC0AAD8AD748F5DDD7EE50030D2CC6E2D6B9BC08B469685EA07EE678F57E31F2CAD6DF067CDCA91B9E05BF24A599B7B9A7ED9543683B0D1EC4B8CB547A5D3EE35C20E0E98A3E5958583ED61FA8D4B9C75861EEB0B6E6781FF00905274972E678D74FC250AD6C39E4817CB8B2682CD54AE9E99897CD798280E1CC14535AEF97D43488EB5A53042B01E7985A80EC6EBBB04720C397DC02F4147343BF8FDC4D0BC8EB88A5AE0B81AC5B90DB1B3F0363097217B8FEFDC7421DD9A7B0E901B2F342BBC2E00BA256D13968D5E65C21B3F9EBA187AF7CEC16BCCAF575EE47B32309D8759F28AD15EC533596BA18F2C537AC1D3A0CEC2BBC07B1392DC683B17E91092C53B5E7DAE654AAB383AE3BE26B75BB60D11CBFDACA8E3CB99E0A72E36EF34E82AF1D03DDF49475AEF4C7C4AFA5357D169EC5C2785B78E90016885F8E1E7EE06D6517925E344C6B5B29975959AED7AAB73192D86ED16C6FAD4D410C502F00E6DE081738CA7949FCBA4B5708F8556ADF6A222B669F58A01B16BA68DF6747C71014B1F2C45EDD3BFF2835B6AB35C30040285C8753722646C11CA67876822319A49ECD5D74ED310B5ACCED78D7C4AE2D8D3A7D4BEDD1CF93F04EE97B1471D52FEF53AA4C757FF0022D416F489C27384CBE26A0D1EB2B1D39A87CA3D6D286E80AFEA3A3B52EEB1D1297B859F01099A2E172987BB18350072AC264176881B61B7D20575CEE57D4AFDC42845AEEB2C42911D757B895764F71FE3F20A68B9ED09580583141BF42191D80FB8ECF9CFA468EDDE85F89778935E4A7D2A3E721849452D375AC401698D0F7D60F1A7E332C5B5977CBFD8AAA14E778C4C435195C04D4367EA5EB15DDFAE26227A662DB1DE049B1761A8B5E6EFACB8D5456798067B36CAD9985BB2CDAA8EB0463F357B4A3DE003BAF4EF5AFB31AA7EEB0386CE99801B65386F46F3EF190655294C9DD269D33149A286818C1BB38A82F7CF56040D7689F572CCAE2C3900BF58DAF18485D3E47DA13A8212D3A73D5A1EF003489DBFB30F7567898F74B658A06D18765B9E0289AE06443CA5BB17E48FCC6D342EAB750C012D543564F08E968D9868356D47AC4CD414EAB5E9729400516C5F2ECF7E91092ACE91DB4EE6DED082DD6B95CF2BAB061EAB5B519CF58C06D00DAE0D6AAAAF5ECDFE2217AB292CA681941ED190CA5F1341606E8F0B08E0721BB6E99D1FF236A2CE1FFC1F98539858F87D25738148E9D9A5F32A4543B599FA21B2CB63A5E7DAE028B4B20CBFE1156E1AA22FACD09BD41F171E98EAA87BFD2229A78045F76BD11979D26CF2E0F4895442EB015362646AE76C742AA6812C76B0A0F05FACCC74C4E977F7A2610A6F874F748FA1EA0360352BBDE614A456F95E1C19C4B3900765ED97B25A22886C6EF771E84E712DB8DBF0C589D09ACA7C2AD1B9028A15B803660CE473752D7912E9DA5A94A8A1B5250F501A7537EFFE31AB2D9229C59C4BCF898E680EFB1FA806B20D4752202D71176591D6334EBA2CF1395A6F83D0801CC3CF67F88A9442472C515D4EB2E5CB9A00605698EF158A8F981E0CB8E935AC3AC26E2E5CB97025CC1DC819FE54BEC4F98497464C2D872689D3A4B560294430014034D45DADC2E844E928A29261D48F40164185B4B5D2016D25D97D741E2DE90C89A6923A8E07AB6F42719B65F7AEABDA6A454CA65E9D095A8A8DE6B3D7BC16ED54C69A8F59555A765FA11B28412F727745F65863A7BA16C59C358DE3B9EB01D2F5D68C8C52315AB548E7D484CC05994B714B5CC59396CD7A6575DBD5023D43291754E1D7588F26A96BEC62D0B45F27B10C469AD96DEE3491BA0433749DF48A2420A3228EDA1D08F863885BBCD62DEC0E08C030E26206D3603861142AB007537EFAC50A8E44F93B3EB11856EFD17AF8948234A2F6388CC145750B2B4ECC00AB3FBD602D75DFBD7084BCD807B081C1A205A7EE395F70C9F6D9E6A263214AB5EFFA134E1B125E03683D11E297A4208081A2B0FF00970F3912BDDFA1EB399D66FF0062AF11A94034336E566BE3BCA0570E575B55EEC1EA6597D5E5804EC4B841C1B90148BB6A662DAD434B3B4B28B3907A692C979D6DCA856B2DFBCC25DA692E6AA451EA61FD466651AFF368A40A0266147511A63A54A25F81651AD3BA20D270D133E2590670BE913EA472C082FA38FCB01176888BA6C4B8D8754B8A69E60D8269FF0002EB7205133FDCEB0472554E3E8C4431761AF5D481E02611B81E43A0C300AD5D51E8C05128A95A8E729601C8C34845AF82F97E215D5265BD00CC51D11A10D73B87521A69125B5E7783B0335790ED2B401A5CD752282B2D87B8EB1E1BB413AC565F8F48BC6F2D6EAA7DE41EB0074AAD95E08EBD0DF33D872B9180709286B4341D80FEC4514DAD93ABBB0813342C3B0B9CE1D065EDC47425B0F85BABDA096DA884BEF552FDB3946DA23CFF00B12CAAE8F172AF80EA41B6B9A30513F4DDFA26D46CD976B33EB0B6D865B6BDCDE05B7EA037FC73114A3AA6FA3716497FCF49296EF5D927D6B8586B5C16AC5F99E078A13B139F6065F58E0C0DAFFF006F30776688A1D8DE2BDD24549709B80A8C8F3D0F963F2E3E66CA55E929BAD55DD32BCAB9902EE3DDFF0023350BCC2680FCAD3AAE6228BD04DD93A3D6281BAA04FE0E5FF3F1FC9CBFE4D21D9DC9CA4EE7D434622B0701E6044E6CA6A0F1FDAC0B40C644D2286DAEC30D0ADA5358E02D048B16B422F4E7E09D0F7FF8AF26B962C5112BD1AA838B89A3AC5D353AB743EE33BA0D8B253568337FD7FC240CC105D9CBCAF104529EE903856D5AA16CCC1EB87F4C3E2C39E2B6F7993050735B1D571153BD89A03D9C904CB33A38006EAE8748987AC8FBFBC1D8F595302B1D6D01DE04B176AE65B06D6197B56B2D2B4A6A13D5FEC49DFC7477BF88CC08C025F129F14177B17CD62E5F28A6B85FEE18711746873D56624CAC67D4607B4B3BFB0D8E97205E9BEDCC5B4EAC47634D9AC685F398E650200CF4F774196794CCDB0A59A3A45C162069ADDB80EF2C4418361A961862089DC09BB7120D1C8D58A701A77621CEBEB17B51E912264F011A98EE96B3D76858D0B45CBF730C36C3A4596B00E0568A1D7DF68F4AA3B9FE03DDE92B86146D52AE77CD42D641A659EB0224E59850A5B005189D046FD659D40974143D5169C77392CD1EA1F10D5563BD357BDCBEBD4FFA5C775981BB15CA1A95B9B32A4A0D2DBFC2F847A7F3005AD1028852EEB836FF0081819751C9BCB452931D6359045DF4F688F6370621A2E87E8FDC690D5367A3FED42BC8DF6FF8F7B0E9A46A93BCA5195D5FC40A387870BCB14565DA1E05B1419EA2421BA41C9AFF00C72C0E229856C549D8929E3409AC371E66018C8A1F75441AF23C2B5A121AC25C3DA33E497C66D4DAA51D55C775CA19285A16BA745A3B416B8C1A573D03760A2CEF4326C0355BE215D3C116C2F0675E276B24BB00E5503766614D9AA9643BD94769ADFA4AA529BDCCA5C476A0AA7AE654FAAE56757FB683A032C2174D1B5B2F249D02B6B0E55C0802A65A8200736ACEEC3EFA619ED790BAEF7D2174E11B70A270187A5C5456485A02D4A3A14330C40CBBC595B8D6599CFDB45A36176606A6F90833AA5D2F2BF72D3E064B73E0B34748E87A6E93FECE3633C4BA53DEA3505F381D98B35D16CA1295DF375E2005E2F98EA4CEFB6348DDFEA8B415CD517E916D973CB7597D0F9A85A5939EE6FD19F0221645D7807DEBE938DE4706D04343F1A4CAAF3998F02F506DF7112A1CC35A58FBAF9969F43AEB784E91FF007EB80D8DF523577813F31F8B18773DA59FC86ACCA81DD66A32CB28342ABD7FEBEE558B50D4ED2BB23AB98053D6CC3602C8E25F689A34A8E17A318952969C4EF9DFF8237677CEF81680EE510BD48D3064DB32C2883D420BA25C169A1F22A705CB7A22BD1FC7BE3ACE903470732C80B6319C7300AB7268258CC613F305615F6CF40F3B3AC6A530E21747117A46BCB5C51B145D02BB5D4CF9DFB755DC4B42F57D12CE48D12C03601DB597C165725BB66B0B79AEC6B0F52BE82A5406AA70C537849854C3646842DC20D420D65E036D9E9E220E21569694B56EBDE3B06DAF58D39026FE2FD92D9BD1726E34A3E522798655538B7E1B5FEEA089FAF6C17A1971E61BC74D916E1F2F839940745530A8CB6D5BC6952D1BDE38568FC16B15199A5D4F4DEB39E0A8B4697DB1DEF82DF094EA7081DD1EAB5E207DACA85469F7AACF7DB7C8B8F29C6F3AFB01DE51ADF14A2D82C2B777CB0199800A0A0D61BF37095AE4C15E13957F0853810B77672AD51BD4261D9351D10D0065E550B8901ADFDED0142EB89B31C1D0BCCA8A8AD3331FDA2E4036423D997CD7ACB0E150D01FA7C41BD089C26B3364DA5BDE975087B6BADDFE3DF3BE77CA220D1D3ACB451DB1284B50184E6661D23A35A9548F9308F5979AD60EDF9FBE77CEF9DF3BFF0015A80F721C45B41A0277A1CB5EC400D2E99CAB02856DD5BF1AC5BBFE2561CAAABEA76258150601A104BAACE359770B1B8AF512C5A86EDBF33721EBEA3C3D224D552380C1F9C1CD080A6B917A4CBD459556388EAADA88305D737BD732F206097AE65EC8216DA9B327EE015408D6DB5AE5D707585565DB69774B5496BA4061195A2DCBBAEAC0CB36724E2CC271799AE4722FB965DB496C74B5D57AD3917461E21E7B11C69574C9AE60540DB86DE7395EACA4238286DC01A4CEA1C0F30DFB404312C747A9E22B692ED47B8C78C45D46226DEEB976D222131885AA69367885F614A2F2F2BD59B7CE00E33669911D1269A570DBDD65DA59525D16BB69913926AE4F4B7BACBB4692B1735F25EA3A300E7D5009C01A446E3AA811F5307BCC065813D0304B7B2BAA7AD39175A41859E35B723552E5848E9B542DD775EAC3F0404D3D07445420500606D4603A466B8689F01E25414F55DFB4669D6A343EDFEC44C31D5A8F0D9E662516182F05BE21DD9511D5B0755A8BA0144CD96F7AE0E97CC698E5543A12FE5EB0F046F94ECAFCC4DE981869AAFF0052C7727FC74300AC23BC4D55E3522573B02AE30197476C12F0538668404BC7E12A7BD4340E62D025E9D7FE7C6E4AF541C0D3ACCD90646E920DA000FCF97E7B814B45ABFD4C513831AEC52E3498D194A4451C3B420DC7A62F58A2CB35D5F0ED1B513685E3AF689523A358777EA281D3427B3354280659715D789431034E29EE20763F44C215AB8A3CC427AD0254C650A3C54B921B46A41C4E5364BF11A672F55339EEEEFA85046ED55B40CA55EE8D3A806906091BEEF79FD3F68C9B6152A76B97C555B5779459B4646B2F87B33FF71F52A7CA07E901012F368F9CB1997C5C0AF159EDEF18AB6945AF783CCB6917D2381FE697F700C7CFF735BDA04C7F5FDA1E0486F71F581C09AB92FDE7F4FDA18609CE16FDE7F5BF729D298394E2D802E0BBC01F70C76DE363BBA4C03070F7C9FC74E63D70DD867B198A4625917A0F7A54C4378A48C8B14D28633D62B6077815D5FA821C968A107AC6AAC7C69F983F041A94E90C6E96969696968D67817E63AF6C98949C9C996E2C36BA398BDC1CC708E40A773FAA6A853B3BC546ECA938FF0025A246A97AD62037678666382DFEF596EAEAE6275969696FC7BA7747C84EFD69220D884DC9BA9BD54B85F487D1F5785719DA57588D261E653AB721FDC51578662CC560F33BE645287469606667EB7ACB9D1606BC152D05E83A63DEA774C5FB09CDF52D41180E9D494645401E55D53E614000CA96FACD3EF8CC2B459D24C9A268425CE880EC9D34E9A2960986F3BA0585CBB6406C8B3A237608A64405D1156E8871A3C680954F49D3403011774477451AB500D0F78BBA462C41F6AD222C4DB98E4E758ED0739E3A971D9F522DACBA9ABB0C3EB07E8BD2F7A9988A80C8E751AF6575835E3CFAA72DF2AFA1E21286758E3A0FCCC1217F8ECC19986F3BA774EE9DD3BA12ADC530AA1BD4605080B899D65E60EE9FDED156336AF6FB8B42D41F1CCB5DB61E89BFE3EE440210746B58895A44D5991D88DF56EC418E8CED5EB0A0560EACE0A7B0CB35B1E19DD2E732F13308441627520EA5C1AB07B690954843BD164B6DFC5BCCDA4643B96CB65CDD314F4BE6605A0B5082C79538554B7982DEB0785456C832C45145534CFD11D1FA17D1896DEB2DE65B2DE65BCCB7996F32DE65BCCB7996F32D96F32DE65BCCB7996F32DE65BCCB7996F32DE65BCCB7996F333CF7B88B2E8A7BC00158BCCCBB50B28ACE57A46E18B3BBB9BC4A4205B359D5C20461699C66B5DE3037CA366302E529B565BCCB7996F32DE65B2E5B2D96F32DE65D185886B52D1B14626320B8D4EBCCC44D33F763552E82724E74067CCC3B01EF1840234A3AA34B6E6937378EEDC8B137AC36778AC452B2DE67FFD9'));
INSERT INTO "TRADE_GNNT"."E_SHOP" VALUES ('xh008', ' ', '0', null, null);
INSERT INTO "TRADE_GNNT"."E_SHOP" VALUES ('xh010', ' ', '0', null, null);
INSERT INTO "TRADE_GNNT"."E_SHOP" VALUES ('gnnt08', ' ', '0', null, null);
INSERT INTO "TRADE_GNNT"."E_SHOP" VALUES ('gnnt09', ' ', '0', null, null);
INSERT INTO "TRADE_GNNT"."E_SHOP" VALUES ('gnnt10', ' ', '0', null, null);
INSERT INTO "TRADE_GNNT"."E_SHOP" VALUES ('gnnt11', ' ', '0', null, null);
INSERT INTO "TRADE_GNNT"."E_SHOP" VALUES ('gnnt12', ' ', '0', null, null);
INSERT INTO "TRADE_GNNT"."E_SHOP" VALUES ('606010002', ' ', '0', null, null);
INSERT INTO "TRADE_GNNT"."E_SHOP" VALUES ('000200001', ' ', '0', null, null);
INSERT INTO "TRADE_GNNT"."E_SHOP" VALUES ('606000009', ' ', '0', null, null);
INSERT INTO "TRADE_GNNT"."E_SHOP" VALUES ('606000011', ' ', '0', null, null);
INSERT INTO "TRADE_GNNT"."E_SHOP" VALUES ('000200003', ' ', '0', null, null);
INSERT INTO "TRADE_GNNT"."E_SHOP" VALUES ('606010012', ' ', '0', null, null);
INSERT INTO "TRADE_GNNT"."E_SHOP" VALUES ('444', ' ', '0', null, null);
INSERT INTO "TRADE_GNNT"."E_SHOP" VALUES ('505000000000105', ' ', '0', null, null);
INSERT INTO "TRADE_GNNT"."E_SHOP" VALUES ('000301013', ' ', '0', null, null);
INSERT INTO "TRADE_GNNT"."E_SHOP" VALUES ('607010001', ' ', '0', null, null);
INSERT INTO "TRADE_GNNT"."E_SHOP" VALUES ('607020002', ' ', '0', null, null);
INSERT INTO "TRADE_GNNT"."E_SHOP" VALUES ('607010002', ' ', '0', null, null);
INSERT INTO "TRADE_GNNT"."E_SHOP" VALUES ('606000015', ' ', '0', null, null);
INSERT INTO "TRADE_GNNT"."E_SHOP" VALUES ('020000001', ' ', '0', null, null);
INSERT INTO "TRADE_GNNT"."E_SHOP" VALUES ('606010015', ' ', '0', null, null);
INSERT INTO "TRADE_GNNT"."E_SHOP" VALUES ('002000001', ' ', '0', null, null);
INSERT INTO "TRADE_GNNT"."E_SHOP" VALUES ('000200005', ' ', '0', null, null);
INSERT INTO "TRADE_GNNT"."E_SHOP" VALUES ('000100001', ' ', '0', null, null);
INSERT INTO "TRADE_GNNT"."E_SHOP" VALUES ('002000003', ' ', '0', null, null);
INSERT INTO "TRADE_GNNT"."E_SHOP" VALUES ('607000010', ' ', '0', null, null);
INSERT INTO "TRADE_GNNT"."E_SHOP" VALUES ('606000022', ' ', '0', null, null);
INSERT INTO "TRADE_GNNT"."E_SHOP" VALUES ('3203211988', ' ', '0', null, null);
INSERT INTO "TRADE_GNNT"."E_SHOP" VALUES ('h2', ' ', '0', null, null);
INSERT INTO "TRADE_GNNT"."E_SHOP" VALUES ('607000012', ' ', '0', null, null);
INSERT INTO "TRADE_GNNT"."E_SHOP" VALUES ('183', ' ', '0', null, null);
INSERT INTO "TRADE_GNNT"."E_SHOP" VALUES ('gnnt09010', ' ', '0', null, null);
INSERT INTO "TRADE_GNNT"."E_SHOP" VALUES ('gnnt09011', ' ', '0', null, null);
INSERT INTO "TRADE_GNNT"."E_SHOP" VALUES ('607000019', ' ', '0', null, null);
INSERT INTO "TRADE_GNNT"."E_SHOP" VALUES ('607000020', ' ', '0', null, null);
INSERT INTO "TRADE_GNNT"."E_SHOP" VALUES ('000200009', ' ', '0', null, null);
INSERT INTO "TRADE_GNNT"."E_SHOP" VALUES ('606000023', ' ', '0', null, null);
INSERT INTO "TRADE_GNNT"."E_SHOP" VALUES ('607000022', ' ', '0', null, null);
INSERT INTO "TRADE_GNNT"."E_SHOP" VALUES ('607000023', ' ', '0', null, null);
INSERT INTO "TRADE_GNNT"."E_SHOP" VALUES ('111111', ' ', '0', null, null);
INSERT INTO "TRADE_GNNT"."E_SHOP" VALUES ('606000025', ' ', '0', null, null);
INSERT INTO "TRADE_GNNT"."E_SHOP" VALUES ('606000030', ' ', '0', null, null);
INSERT INTO "TRADE_GNNT"."E_SHOP" VALUES ('606000033', ' ', '0', null, null);
INSERT INTO "TRADE_GNNT"."E_SHOP" VALUES ('607000031', ' ', '0', null, null);
INSERT INTO "TRADE_GNNT"."E_SHOP" VALUES ('607000032', ' ', '0', null, null);
INSERT INTO "TRADE_GNNT"."E_SHOP" VALUES ('60600000100', ' ', '0', null, null);
INSERT INTO "TRADE_GNNT"."E_SHOP" VALUES ('gnnt06', ' ', '0', null, null);
INSERT INTO "TRADE_GNNT"."E_SHOP" VALUES ('gnnt05', ' ', '0', null, null);
INSERT INTO "TRADE_GNNT"."E_SHOP" VALUES ('606010003', ' ', '0', null, null);
INSERT INTO "TRADE_GNNT"."E_SHOP" VALUES ('606010005', ' ', '0', null, null);
INSERT INTO "TRADE_GNNT"."E_SHOP" VALUES ('gnnt09001', ' ', '0', null, null);
INSERT INTO "TRADE_GNNT"."E_SHOP" VALUES ('000200002', ' ', '0', null, null);
INSERT INTO "TRADE_GNNT"."E_SHOP" VALUES ('000301011', ' ', '0', null, null);
INSERT INTO "TRADE_GNNT"."E_SHOP" VALUES ('000301012', ' ', '0', null, null);
INSERT INTO "TRADE_GNNT"."E_SHOP" VALUES ('HMR02', ' ', '0', null, null);
INSERT INTO "TRADE_GNNT"."E_SHOP" VALUES ('xh014', ' ', '0', null, null);
INSERT INTO "TRADE_GNNT"."E_SHOP" VALUES ('gnnt65432', ' ', '0', null, null);
INSERT INTO "TRADE_GNNT"."E_SHOP" VALUES ('jsb002', ' ', '0', null, null);
INSERT INTO "TRADE_GNNT"."E_SHOP" VALUES ('gnnt021', ' ', '0', null, null);
INSERT INTO "TRADE_GNNT"."E_SHOP" VALUES ('gnnt022', ' ', '0', null, null);
INSERT INTO "TRADE_GNNT"."E_SHOP" VALUES ('jsb003', ' ', '0', null, null);
INSERT INTO "TRADE_GNNT"."E_SHOP" VALUES ('607000008', ' ', '0', null, null);
INSERT INTO "TRADE_GNNT"."E_SHOP" VALUES ('607000009', ' ', '0', null, null);
INSERT INTO "TRADE_GNNT"."E_SHOP" VALUES ('000200007', ' ', '0', null, null);
INSERT INTO "TRADE_GNNT"."E_SHOP" VALUES ('666', ' ', '0', null, null);
INSERT INTO "TRADE_GNNT"."E_SHOP" VALUES ('PG001', ' ', '0', null, null);
INSERT INTO "TRADE_GNNT"."E_SHOP" VALUES ('182', ' ', '0', null, null);
INSERT INTO "TRADE_GNNT"."E_SHOP" VALUES ('YXG', ' ', '0', null, null);
INSERT INTO "TRADE_GNNT"."E_SHOP" VALUES ('606000028', ' ', '0', null, null);
INSERT INTO "TRADE_GNNT"."E_SHOP" VALUES ('607000030', ' ', '0', null, null);
INSERT INTO "TRADE_GNNT"."E_SHOP" VALUES ('606000034', ' ', '0', null, null);
INSERT INTO "TRADE_GNNT"."E_SHOP" VALUES ('123456', ' ', '0', null, null);
INSERT INTO "TRADE_GNNT"."E_SHOP" VALUES ('07280007', ' ', '0', null, null);
INSERT INTO "TRADE_GNNT"."E_SHOP" VALUES ('07280010', ' ', '0', null, null);
INSERT INTO "TRADE_GNNT"."E_SHOP" VALUES ('5050000000333', ' ', '0', null, null);
INSERT INTO "TRADE_GNNT"."E_SHOP" VALUES ('xh011', ' ', '0', null, null);
INSERT INTO "TRADE_GNNT"."E_SHOP" VALUES ('hyl', ' ', '0', null, null);
INSERT INTO "TRADE_GNNT"."E_SHOP" VALUES ('606010007', ' ', '0', null, null);
INSERT INTO "TRADE_GNNT"."E_SHOP" VALUES ('000200004', ' ', '0', null, null);
INSERT INTO "TRADE_GNNT"."E_SHOP" VALUES ('xh015', ' ', '0', null, null);
INSERT INTO "TRADE_GNNT"."E_SHOP" VALUES ('gnnt98765', ' ', '0', null, null);
INSERT INTO "TRADE_GNNT"."E_SHOP" VALUES ('gnnt09003', ' ', '0', null, null);
INSERT INTO "TRADE_GNNT"."E_SHOP" VALUES ('607', ' ', '0', null, null);
INSERT INTO "TRADE_GNNT"."E_SHOP" VALUES ('606010014', ' ', '0', null, null);
INSERT INTO "TRADE_GNNT"."E_SHOP" VALUES ('607000003', ' ', '0', null, null);
INSERT INTO "TRADE_GNNT"."E_SHOP" VALUES ('gnnt09004', ' ', '0', null, null);
INSERT INTO "TRADE_GNNT"."E_SHOP" VALUES ('606000017', ' ', '0', null, null);
INSERT INTO "TRADE_GNNT"."E_SHOP" VALUES ('606000018', ' ', '0', null, null);
INSERT INTO "TRADE_GNNT"."E_SHOP" VALUES ('606000019', ' ', '0', null, null);
INSERT INTO "TRADE_GNNT"."E_SHOP" VALUES ('606000021', ' ', '0', null, null);
INSERT INTO "TRADE_GNNT"."E_SHOP" VALUES ('002000002', ' ', '0', null, null);
INSERT INTO "TRADE_GNNT"."E_SHOP" VALUES ('hy001', ' ', '0', null, null);
INSERT INTO "TRADE_GNNT"."E_SHOP" VALUES ('gnnt09009', ' ', '0', null, null);
INSERT INTO "TRADE_GNNT"."E_SHOP" VALUES ('622000000', ' ', '0', null, null);
INSERT INTO "TRADE_GNNT"."E_SHOP" VALUES ('gnnt09012', ' ', '0', null, null);
INSERT INTO "TRADE_GNNT"."E_SHOP" VALUES ('606000031', ' ', '0', null, null);
INSERT INTO "TRADE_GNNT"."E_SHOP" VALUES ('606000032', ' ', '0', null, null);
INSERT INTO "TRADE_GNNT"."E_SHOP" VALUES ('777777', ' ', '0', null, null);
INSERT INTO "TRADE_GNNT"."E_SHOP" VALUES ('07280006', ' ', '0', null, null);
INSERT INTO "TRADE_GNNT"."E_SHOP" VALUES ('07280014', ' ', '0', null, null);
INSERT INTO "TRADE_GNNT"."E_SHOP" VALUES ('07280017', ' ', '0', null, null);
INSERT INTO "TRADE_GNNT"."E_SHOP" VALUES ('07280018', ' ', '0', null, null);
INSERT INTO "TRADE_GNNT"."E_SHOP" VALUES ('07280019', ' ', '0', null, null);
INSERT INTO "TRADE_GNNT"."E_SHOP" VALUES ('07280030', ' ', '0', null, null);

-- ----------------------------
-- Table structure for E_SUBORDER
-- ----------------------------
DROP TABLE "TRADE_GNNT"."E_SUBORDER";
CREATE TABLE "TRADE_GNNT"."E_SUBORDER" (
"SUBORDERID" NUMBER(15) NOT NULL ,
"ORDERID" NUMBER(15) NULL ,
"SUBFIRMID" VARCHAR2(32 BYTE) NOT NULL ,
"QUANTITY" NUMBER(15,2) DEFAULT 0  NOT NULL ,
"PRICE" NUMBER(15,2) NULL ,
"WAREHOUSEID" VARCHAR2(30 BYTE) DEFAULT 0  NULL ,
"TRADEPRETIME" NUMBER(10) NULL ,
"DELIVERYDAYTYPE" NUMBER(1) NULL ,
"DELIVERYDAY" DATE NULL ,
"DELIVERYPRETIME" NUMBER(10) NULL ,
"DELIVERYMARGIN_B" NUMBER(15,2) NULL ,
"DELIVERYMARGIN_S" NUMBER(15,2) NULL ,
"FROZENMARGIN" NUMBER(15,2) NULL ,
"REMARK" VARCHAR2(256 BYTE) NULL ,
"STATUS" NUMBER(1) NOT NULL ,
"WITHDRAWER" VARCHAR2(16 BYTE) NULL ,
"WITHDRAWTIME" DATE NULL ,
"CREATETIME" DATE NULL ,
"REPLY" VARCHAR2(256 BYTE) NULL ,
"REPLYTIME" DATE NULL 
)
LOGGING
NOCOMPRESS
NOCACHE

;
COMMENT ON COLUMN "TRADE_GNNT"."E_SUBORDER"."TRADEPRETIME" IS '以秒为单位';
COMMENT ON COLUMN "TRADE_GNNT"."E_SUBORDER"."DELIVERYDAYTYPE" IS '0：指定准备天数 1：指定最后交割日';
COMMENT ON COLUMN "TRADE_GNNT"."E_SUBORDER"."STATUS" IS '0：等待挂牌方答复 1：挂牌方接受 2：挂牌方拒绝 3：摘牌方撤单 4：系统自动撤单 5管理员撤单';

-- ----------------------------
-- Records of E_SUBORDER
-- ----------------------------

-- ----------------------------
-- Table structure for E_SUBORDER_H
-- ----------------------------
DROP TABLE "TRADE_GNNT"."E_SUBORDER_H";
CREATE TABLE "TRADE_GNNT"."E_SUBORDER_H" (
"SUBORDERID" NUMBER(15) NOT NULL ,
"ORDERID" NUMBER(15) NOT NULL ,
"SUBFIRMID" VARCHAR2(32 BYTE) NOT NULL ,
"QUANTITY" NUMBER(15,2) DEFAULT 0  NOT NULL ,
"PRICE" NUMBER(15,2) NULL ,
"WAREHOUSEID" VARCHAR2(30 BYTE) DEFAULT 0  NULL ,
"TRADEPRETIME" NUMBER(10) NULL ,
"DELIVERYDAYTYPE" NUMBER(10) NULL ,
"DELIVERYDAY" DATE NULL ,
"DELIVERYPRETIME" NUMBER(10) NULL ,
"DELIVERYMARGIN_B" NUMBER(15,2) NULL ,
"DELIVERYMARGIN_S" NUMBER(15,2) NULL ,
"FROZENMARGIN" NUMBER(15,2) NULL ,
"REMARK" VARCHAR2(256 BYTE) NULL ,
"STATUS" NUMBER(1) NOT NULL ,
"WITHDRAWER" VARCHAR2(16 BYTE) NULL ,
"WITHDRAWTIME" DATE NULL ,
"CREATETIME" DATE NULL ,
"REPLY" VARCHAR2(256 BYTE) NULL ,
"REPLYTIME" DATE NULL 
)
LOGGING
NOCOMPRESS
NOCACHE

;
COMMENT ON COLUMN "TRADE_GNNT"."E_SUBORDER_H"."TRADEPRETIME" IS '以秒为单位';
COMMENT ON COLUMN "TRADE_GNNT"."E_SUBORDER_H"."DELIVERYDAYTYPE" IS '0：指定准备天数 1：指定最后交割日';
COMMENT ON COLUMN "TRADE_GNNT"."E_SUBORDER_H"."STATUS" IS '0：等待挂牌方答复 1：挂牌方接受 2：挂牌方拒绝 3：摘牌方撤单 4：系统自动撤单 5管理员撤单';

-- ----------------------------
-- Records of E_SUBORDER_H
-- ----------------------------
INSERT INTO "TRADE_GNNT"."E_SUBORDER_H" VALUES ('1000004', '1504241000003', '50500000100', '10', '650', '005', '7200', '0', null, '18000', '1300', '1300', '0', null, '1', null, null, TO_DATE('2015-04-24 13:57:19', 'YYYY-MM-DD HH24:MI:SS'), null, null);
INSERT INTO "TRADE_GNNT"."E_SUBORDER_H" VALUES ('1000003', '1504241000003', 'xh012', '10', '600', '005', '7200', '0', null, '18000', '1200', '1200', '0', null, '4', null, TO_DATE('2015-04-24 13:59:33', 'YYYY-MM-DD HH24:MI:SS'), TO_DATE('2015-04-24 13:48:59', 'YYYY-MM-DD HH24:MI:SS'), '目标委托已经全部成交', null);
INSERT INTO "TRADE_GNNT"."E_SUBORDER_H" VALUES ('1000002', '1504241000003', 'xh010', '10', '650', '005', '7200', '0', null, '18000', '1300', '1300', '0', null, '4', null, TO_DATE('2015-04-24 13:59:33', 'YYYY-MM-DD HH24:MI:SS'), TO_DATE('2015-04-24 13:36:39', 'YYYY-MM-DD HH24:MI:SS'), '目标委托已经全部成交', null);
INSERT INTO "TRADE_GNNT"."E_SUBORDER_H" VALUES ('1000000', '1504241000000', 'xh010', '100', '1100', '0001', '7200', '0', null, '18000', '22000', '22000', '0', null, '2', null, null, TO_DATE('2015-04-24 10:08:38', 'YYYY-MM-DD HH24:MI:SS'), null, TO_DATE('2015-04-24 10:13:44', 'YYYY-MM-DD HH24:MI:SS'));
INSERT INTO "TRADE_GNNT"."E_SUBORDER_H" VALUES ('1000001', '1504241000001', 'xh010', '1000', '300', '0001', '7200', '0', null, '18000', '60000', '60000', '0', null, '1', null, null, TO_DATE('2015-04-24 10:18:14', 'YYYY-MM-DD HH24:MI:SS'), null, null);
INSERT INTO "TRADE_GNNT"."E_SUBORDER_H" VALUES ('1000020', '1508181000024', '60600000100', '1000', '700', '005', '7200', '0', null, '18000', '150000', '150000', '0', null, '2', null, null, TO_DATE('2015-08-18 16:06:32', 'YYYY-MM-DD HH24:MI:SS'), null, TO_DATE('2015-08-18 16:11:23', 'YYYY-MM-DD HH24:MI:SS'));
INSERT INTO "TRADE_GNNT"."E_SUBORDER_H" VALUES ('1000021', '1508181000024', '60600000100', '1000', '750', '005', '7200', '0', null, '18000', '150000', '150000', '0', null, '1', null, null, TO_DATE('2015-08-18 16:09:33', 'YYYY-MM-DD HH24:MI:SS'), null, null);

-- ----------------------------
-- Table structure for E_SUBSCRIPTIONFLOW
-- ----------------------------
DROP TABLE "TRADE_GNNT"."E_SUBSCRIPTIONFLOW";
CREATE TABLE "TRADE_GNNT"."E_SUBSCRIPTIONFLOW" (
"FLOWID" NUMBER(10) NOT NULL ,
"OPRCODE" NUMBER(2) NOT NULL ,
"FIRMID" VARCHAR2(32 BYTE) NOT NULL ,
"AMOUNT" NUMBER(15,2) NOT NULL ,
"BALANCE" NUMBER(15,2) NOT NULL ,
"CREATETIME" DATE NOT NULL 
)
LOGGING
NOCOMPRESS
NOCACHE

;
COMMENT ON COLUMN "TRADE_GNNT"."E_SUBSCRIPTIONFLOW"."OPRCODE" IS '1 入金 2 出金 3 扣款';

-- ----------------------------
-- Records of E_SUBSCRIPTIONFLOW
-- ----------------------------
INSERT INTO "TRADE_GNNT"."E_SUBSCRIPTIONFLOW" VALUES ('2', '1', 'xh012', '1000', '1000', TO_DATE('2015-04-24 12:58:11', 'YYYY-MM-DD HH24:MI:SS'));
INSERT INTO "TRADE_GNNT"."E_SUBSCRIPTIONFLOW" VALUES ('3', '1', '60600000100', '1000', '1000', TO_DATE('2015-04-24 13:04:48', 'YYYY-MM-DD HH24:MI:SS'));
INSERT INTO "TRADE_GNNT"."E_SUBSCRIPTIONFLOW" VALUES ('4', '1', 'xh010', '1000', '2000', TO_DATE('2015-04-24 13:35:58', 'YYYY-MM-DD HH24:MI:SS'));
INSERT INTO "TRADE_GNNT"."E_SUBSCRIPTIONFLOW" VALUES ('5', '1', 'xh012', '1000', '2000', TO_DATE('2015-04-24 13:47:53', 'YYYY-MM-DD HH24:MI:SS'));
INSERT INTO "TRADE_GNNT"."E_SUBSCRIPTIONFLOW" VALUES ('6', '1', '50500000100', '1000', '1000', TO_DATE('2015-04-24 13:56:52', 'YYYY-MM-DD HH24:MI:SS'));
INSERT INTO "TRADE_GNNT"."E_SUBSCRIPTIONFLOW" VALUES ('7', '1', 'xh013', '2000', '2000', TO_DATE('2015-04-24 14:04:17', 'YYYY-MM-DD HH24:MI:SS'));
INSERT INTO "TRADE_GNNT"."E_SUBSCRIPTIONFLOW" VALUES ('21', '1', '50500000100', '300', '1300', TO_DATE('2015-08-18 15:28:05', 'YYYY-MM-DD HH24:MI:SS'));
INSERT INTO "TRADE_GNNT"."E_SUBSCRIPTIONFLOW" VALUES ('1', '1', 'xh010', '1000', '1000', TO_DATE('2015-04-24 10:07:00', 'YYYY-MM-DD HH24:MI:SS'));

-- ----------------------------
-- Table structure for E_SYSTEMPROPS
-- ----------------------------
DROP TABLE "TRADE_GNNT"."E_SYSTEMPROPS";
CREATE TABLE "TRADE_GNNT"."E_SYSTEMPROPS" (
"KEY" VARCHAR2(32 BYTE) NOT NULL ,
"VALUE" VARCHAR2(64 BYTE) NOT NULL ,
"RUNTIMEVALUE" VARCHAR2(64 BYTE) NULL ,
"NOTE" VARCHAR2(128 BYTE) NULL 
)
LOGGING
NOCOMPRESS
NOCACHE

;
COMMENT ON COLUMN "TRADE_GNNT"."E_SYSTEMPROPS"."VALUE" IS '手续费、保证金等参数设置';

-- ----------------------------
-- Records of E_SYSTEMPROPS
-- ----------------------------
INSERT INTO "TRADE_GNNT"."E_SYSTEMPROPS" VALUES ('LeastSubscription', '1000', '1000', '最低风险金');
INSERT INTO "TRADE_GNNT"."E_SYSTEMPROPS" VALUES ('TradePreTime', '2', '2', '默认保证金支付期限(小时)');
INSERT INTO "TRADE_GNNT"."E_SYSTEMPROPS" VALUES ('DeliveryPreTime', '5', '5', '默认交收准备期限(小时)');
INSERT INTO "TRADE_GNNT"."E_SYSTEMPROPS" VALUES ('OrderValidTime', '24', '24', '默认委托有效期限(小时)');
INSERT INTO "TRADE_GNNT"."E_SYSTEMPROPS" VALUES ('TradeFeeMode', '2', '2', '交易手续费模式 1：固定值 2：百分比');
INSERT INTO "TRADE_GNNT"."E_SYSTEMPROPS" VALUES ('TradeFeeRate', '0.01', '0.01', '交易手续费率');
INSERT INTO "TRADE_GNNT"."E_SYSTEMPROPS" VALUES ('OneTradeMargin', '1000', '1000', '单笔诚信保障金');
INSERT INTO "TRADE_GNNT"."E_SYSTEMPROPS" VALUES ('TradeMarginMagnification', '2', '2', '诚信保障金放大率');
INSERT INTO "TRADE_GNNT"."E_SYSTEMPROPS" VALUES ('DeliveryFeeMode', '2', '2', '交收手续费模式 1：固定值 2：百分比');
INSERT INTO "TRADE_GNNT"."E_SYSTEMPROPS" VALUES ('DeliveryFeeRate', '0.02', '0.02', '交收手续费率');
INSERT INTO "TRADE_GNNT"."E_SYSTEMPROPS" VALUES ('DeliveryMarginMode', '2', '2', '交收保证金模式 1：固定值 2：百分比');
INSERT INTO "TRADE_GNNT"."E_SYSTEMPROPS" VALUES ('DeliveryMarginRate', '0.2', '0.2', '交收保证金率');
INSERT INTO "TRADE_GNNT"."E_SYSTEMPROPS" VALUES ('FirstPaymentRate', '0.200000', '0.200000', '首款比例');
INSERT INTO "TRADE_GNNT"."E_SYSTEMPROPS" VALUES ('SecondPaymentRate', '0.600000', '0.600000', '第二笔货款比例');
INSERT INTO "TRADE_GNNT"."E_SYSTEMPROPS" VALUES ('PayTimes', '3', '3', '付款次数 只能为2或者3');
INSERT INTO "TRADE_GNNT"."E_SYSTEMPROPS" VALUES ('BuyOrderAudit', '1', '1', '买挂牌是否需要审核 0：需要 1 不需要');
INSERT INTO "TRADE_GNNT"."E_SYSTEMPROPS" VALUES ('SellOrderAudit', '1', '1', '卖挂牌是否需要审核 0：需要 1 不需要');
INSERT INTO "TRADE_GNNT"."E_SYSTEMPROPS" VALUES ('SellPledgeAudit', '1', '1', '卖仓单是否需要审核 0：需要 1 不需要');
INSERT INTO "TRADE_GNNT"."E_SYSTEMPROPS" VALUES ('Offset', '1', '1', '溢短比例');

-- ----------------------------
-- Table structure for E_TRADE
-- ----------------------------
DROP TABLE "TRADE_GNNT"."E_TRADE";
CREATE TABLE "TRADE_GNNT"."E_TRADE" (
"TRADENO" NUMBER(15) NOT NULL ,
"ORDERTITLE" VARCHAR2(128 BYTE) NOT NULL ,
"BREEDID" NUMBER(10) NOT NULL ,
"BFIRMID" VARCHAR2(32 BYTE) NOT NULL ,
"SFIRMID" VARCHAR2(32 BYTE) NOT NULL ,
"PRICE" NUMBER(15,2) NOT NULL ,
"QUANTITY" NUMBER(15,2) DEFAULT 0  NOT NULL ,
"UNIT" VARCHAR2(16 BYTE) NOT NULL ,
"TRADEPRETIME" NUMBER(10) NOT NULL ,
"TRADEMARGIN_B" NUMBER(15,2) NOT NULL ,
"TRADEMARGIN_S" NUMBER(15,2) NOT NULL ,
"DELIVERYDAY" DATE NOT NULL ,
"DELIVERYMARGIN_B" NUMBER(15,2) NOT NULL ,
"DELIVERYMARGIN_S" NUMBER(15,2) NOT NULL ,
"BUYTRADEFEE" NUMBER(15,2) NULL ,
"BUYDELIVERYFEE" NUMBER(15,2) NULL ,
"BUYPAYTRADEFEE" NUMBER(15,2) NULL ,
"BUYPAYDELIVERYFEE" NUMBER(15,2) NULL ,
"SELLTRADEFEE" NUMBER(15,2) NULL ,
"SELLDELIVERYFEE" NUMBER(15,2) NULL ,
"SELLPAYTRADEFEE" NUMBER(15,2) NULL ,
"SELLPAYDELIVERYFEE" NUMBER(15,2) NULL ,
"DELIVERYTYPE" NUMBER(1) NULL ,
"WAREHOUSEID" VARCHAR2(30 BYTE) DEFAULT 0  NULL ,
"DELIVERYADDRESS" VARCHAR2(64 BYTE) NULL ,
"TRADETYPE" NUMBER(1) DEFAULT 0  NOT NULL ,
"PAYTYPE" NUMBER(1) NULL ,
"TIME" DATE NULL ,
"REMARK" VARCHAR2(1024 BYTE) NULL ,
"STATUS" NUMBER(2) NOT NULL ,
"ORDERID" NUMBER(15) NOT NULL 
)
LOGGING
NOCOMPRESS
NOCACHE

;
COMMENT ON COLUMN "TRADE_GNNT"."E_TRADE"."ORDERTITLE" IS '委托时的标题，默认为商品分类名+品名。';
COMMENT ON COLUMN "TRADE_GNNT"."E_TRADE"."TRADEPRETIME" IS '以秒为单位';
COMMENT ON COLUMN "TRADE_GNNT"."E_TRADE"."DELIVERYTYPE" IS '1：指定仓库交收 2：指定交收地交收';
COMMENT ON COLUMN "TRADE_GNNT"."E_TRADE"."TRADETYPE" IS '0： 协议交收 1：自主交收 ';
COMMENT ON COLUMN "TRADE_GNNT"."E_TRADE"."PAYTYPE" IS '0： 先款后货 1： 先货后款 2：不限制';
COMMENT ON COLUMN "TRADE_GNNT"."E_TRADE"."STATUS" IS '0：订单状态 1：订单阶段违约 2：订单阶段系统撤销 3：成交阶段 4：成交阶段违约
5：货、款到位 6：支付首款  7:支付第二笔货款 8:支付尾款（结束）
21：待违约处理(买方违约) 22：待违约处理（卖方违约）
';

-- ----------------------------
-- Records of E_TRADE
-- ----------------------------
INSERT INTO "TRADE_GNNT"."E_TRADE" VALUES ('1504241000007', '棉布', '1140', 'xh004', 'xh010', '1000', '100', '批', '7200', '1000', '1000', TO_DATE('2015-04-25 13:30:35', 'YYYY-MM-DD HH24:MI:SS'), '20000', '20000', '1000', '2000', '1000', '2000', '1000', '2000', '1000', '2000', '1', '2', null, '0', '0', TO_DATE('2015-04-24 13:30:36', 'YYYY-MM-DD HH24:MI:SS'), null, '6', '1504241000005');
INSERT INTO "TRADE_GNNT"."E_TRADE" VALUES ('1504241000008', '棉布', '1140', 'xh012', 'xh004', '100', '100', '批', '7200', '1000', '1000', TO_DATE('2015-04-24 18:32:17', 'YYYY-MM-DD HH24:MI:SS'), '2000', '2000', '100', '200', '0', '0', '100', '200', '0', '0', '1', '0001', null, '0', '0', TO_DATE('2015-04-24 13:32:17', 'YYYY-MM-DD HH24:MI:SS'), null, '21', '1504241000006');
INSERT INTO "TRADE_GNNT"."E_TRADE" VALUES ('1504241000009', '棉布', '1140', 'xh013', 'xh004', '100', '200', '批', '7200', '1000', '1000', TO_DATE('2015-04-24 18:53:32', 'YYYY-MM-DD HH24:MI:SS'), '4000', '4000', '200', '400', '200', '400', '200', '400', '0', '0', '1', '0001', null, '0', '0', TO_DATE('2015-04-24 13:53:32', 'YYYY-MM-DD HH24:MI:SS'), null, '22', '1504241000008');
INSERT INTO "TRADE_GNNT"."E_TRADE" VALUES ('1504241000010', '石墨', '1120', 'xh005', 'xh006', '350', '10', '0.1吨', '7200', '1000', '1000', TO_DATE('2015-04-24 16:56:26', 'YYYY-MM-DD HH24:MI:SS'), '700', '700', '35', '70', '35', '70', '35', '70', '0', '0', '1', '005', null, '0', '0', TO_DATE('2015-04-24 13:56:26', 'YYYY-MM-DD HH24:MI:SS'), null, '3', '1504241000009');
INSERT INTO "TRADE_GNNT"."E_TRADE" VALUES ('1504241000011', '石墨', '1120', '50500000100', '60600000100', '650', '10', '0.1吨', '7200', '1000', '1000', TO_DATE('2015-04-24 18:59:32', 'YYYY-MM-DD HH24:MI:SS'), '1300', '1300', '65', '130', '65', '130', '65', '130', '0', '0', '1', '005', null, '0', '0', TO_DATE('2015-04-24 13:59:33', 'YYYY-MM-DD HH24:MI:SS'), null, '22', '1504241000003');
INSERT INTO "TRADE_GNNT"."E_TRADE" VALUES ('1504241000012', '石墨', '1120', 'xh007', 'xh006', '350', '10', '0.1吨', '7200', '1000', '1000', TO_DATE('2015-04-24 17:10:12', 'YYYY-MM-DD HH24:MI:SS'), '700', '700', '35', '70', '0', '0', '35', '70', '0', '0', '1', '005', null, '0', '0', TO_DATE('2015-04-24 14:10:13', 'YYYY-MM-DD HH24:MI:SS'), null, '3', '1504241000011');
INSERT INTO "TRADE_GNNT"."E_TRADE" VALUES ('1504241000013', '棉布', '1140', 'xh005', 'xh013', '200', '100', '批', '7200', '1000', '1000', TO_DATE('2015-04-24 19:16:16', 'YYYY-MM-DD HH24:MI:SS'), '4000', '4000', '200', '400', '200', '400', '200', '400', '0', '0', '1', '2', null, '0', '0', TO_DATE('2015-04-24 14:16:16', 'YYYY-MM-DD HH24:MI:SS'), null, '3', '1504241000010');
INSERT INTO "TRADE_GNNT"."E_TRADE" VALUES ('1504241000014', '涤纶化纤', '1142', 'xh006', 'xh007', '1000', '100', '吨', '7200', '1000', '1000', TO_DATE('2015-04-24 19:37:02', 'YYYY-MM-DD HH24:MI:SS'), '20000', '20000', '1000', '2000', '0', '0', '1000', '2000', '0', '0', '2', null, '长三角商品交易所', '0', '0', TO_DATE('2015-04-24 14:37:02', 'YYYY-MM-DD HH24:MI:SS'), '挂牌备注信息 [呵呵]', '3', '1504241000012');

-- ----------------------------
-- Table structure for E_TRADE_GOODSPROPERTY
-- ----------------------------
DROP TABLE "TRADE_GNNT"."E_TRADE_GOODSPROPERTY";
CREATE TABLE "TRADE_GNNT"."E_TRADE_GOODSPROPERTY" (
"PROPERTYNAME" VARCHAR2(64 BYTE) NOT NULL ,
"TRADENO" NUMBER(15) NOT NULL ,
"PROPERTYVALUE" VARCHAR2(1000 BYTE) NULL ,
"PROPERTYTYPEID" NUMBER(15) NOT NULL 
)
LOGGING
NOCOMPRESS
NOCACHE

;

-- ----------------------------
-- Records of E_TRADE_GOODSPROPERTY
-- ----------------------------
INSERT INTO "TRADE_GNNT"."E_TRADE_GOODSPROPERTY" VALUES ('产地', '1504241000007', '江苏', '1');
INSERT INTO "TRADE_GNNT"."E_TRADE_GOODSPROPERTY" VALUES ('等级', '1504241000007', '等级一', '2');
INSERT INTO "TRADE_GNNT"."E_TRADE_GOODSPROPERTY" VALUES ('产地', '1504241000008', '江苏', '1');
INSERT INTO "TRADE_GNNT"."E_TRADE_GOODSPROPERTY" VALUES ('等级', '1504241000008', '等级一', '2');
INSERT INTO "TRADE_GNNT"."E_TRADE_GOODSPROPERTY" VALUES ('产地', '1504241000009', '江苏', '1');
INSERT INTO "TRADE_GNNT"."E_TRADE_GOODSPROPERTY" VALUES ('等级', '1504241000009', '等级二', '2');
INSERT INTO "TRADE_GNNT"."E_TRADE_GOODSPROPERTY" VALUES ('产地', '1504241000010', '鸡西', '1');
INSERT INTO "TRADE_GNNT"."E_TRADE_GOODSPROPERTY" VALUES ('品牌', '1504241000010', '汇元', '1');
INSERT INTO "TRADE_GNNT"."E_TRADE_GOODSPROPERTY" VALUES ('产地', '1504241000011', '鸡西', '1');
INSERT INTO "TRADE_GNNT"."E_TRADE_GOODSPROPERTY" VALUES ('品牌', '1504241000011', '汇元', '1');
INSERT INTO "TRADE_GNNT"."E_TRADE_GOODSPROPERTY" VALUES ('产地', '1504241000012', '鸡西', '1');
INSERT INTO "TRADE_GNNT"."E_TRADE_GOODSPROPERTY" VALUES ('品牌', '1504241000012', '汇元', '1');
INSERT INTO "TRADE_GNNT"."E_TRADE_GOODSPROPERTY" VALUES ('产地', '1504241000013', '江苏', '1');
INSERT INTO "TRADE_GNNT"."E_TRADE_GOODSPROPERTY" VALUES ('等级', '1504241000013', '等级一', '2');
INSERT INTO "TRADE_GNNT"."E_TRADE_GOODSPROPERTY" VALUES ('产地', '1504241000014', '无锡', '1');
INSERT INTO "TRADE_GNNT"."E_TRADE_GOODSPROPERTY" VALUES ('品牌', '1504241000014', '银牌', '120');
INSERT INTO "TRADE_GNNT"."E_TRADE_GOODSPROPERTY" VALUES ('质量指标', '1504241000014', '一等品', '2');

-- ----------------------------
-- Table structure for E_TRADE_GOODSPROPERTY_H
-- ----------------------------
DROP TABLE "TRADE_GNNT"."E_TRADE_GOODSPROPERTY_H";
CREATE TABLE "TRADE_GNNT"."E_TRADE_GOODSPROPERTY_H" (
"PROPERTYNAME" VARCHAR2(64 BYTE) NOT NULL ,
"TRADENO" NUMBER(15) NOT NULL ,
"PROPERTYVALUE" VARCHAR2(1000 BYTE) NULL ,
"PROPERTYTYPEID" NUMBER(15) NOT NULL 
)
LOGGING
NOCOMPRESS
NOCACHE

;

-- ----------------------------
-- Records of E_TRADE_GOODSPROPERTY_H
-- ----------------------------
INSERT INTO "TRADE_GNNT"."E_TRADE_GOODSPROPERTY_H" VALUES ('产地', '1504241000005', '江苏', '1');
INSERT INTO "TRADE_GNNT"."E_TRADE_GOODSPROPERTY_H" VALUES ('等级', '1504241000005', '等级一', '2');
INSERT INTO "TRADE_GNNT"."E_TRADE_GOODSPROPERTY_H" VALUES ('产地', '1504241000006', '江苏', '1');
INSERT INTO "TRADE_GNNT"."E_TRADE_GOODSPROPERTY_H" VALUES ('等级', '1504241000006', '等级一', '2');
INSERT INTO "TRADE_GNNT"."E_TRADE_GOODSPROPERTY_H" VALUES ('产地', '1508181000020', '鸡西', '1');
INSERT INTO "TRADE_GNNT"."E_TRADE_GOODSPROPERTY_H" VALUES ('品牌', '1508181000020', '汇元', '1');
INSERT INTO "TRADE_GNNT"."E_TRADE_GOODSPROPERTY_H" VALUES ('产地', '1508181000021', '鸡西', '1');
INSERT INTO "TRADE_GNNT"."E_TRADE_GOODSPROPERTY_H" VALUES ('交收属性', '1508181000021', '公路运输', '1');
INSERT INTO "TRADE_GNNT"."E_TRADE_GOODSPROPERTY_H" VALUES ('品牌', '1508181000021', '汇元', '1');
INSERT INTO "TRADE_GNNT"."E_TRADE_GOODSPROPERTY_H" VALUES ('质量等级', '1508181000021', 'GB/T3158-2008鳞片石墨-195', '2');
INSERT INTO "TRADE_GNNT"."E_TRADE_GOODSPROPERTY_H" VALUES ('产地', '1508181000022', '鸡西', '1');
INSERT INTO "TRADE_GNNT"."E_TRADE_GOODSPROPERTY_H" VALUES ('交收属性', '1508181000022', '公路运输', '1');
INSERT INTO "TRADE_GNNT"."E_TRADE_GOODSPROPERTY_H" VALUES ('品牌', '1508181000022', '汇元', '1');
INSERT INTO "TRADE_GNNT"."E_TRADE_GOODSPROPERTY_H" VALUES ('质量等级', '1508181000022', 'GB/T3158-2008鳞片石墨-195', '2');
INSERT INTO "TRADE_GNNT"."E_TRADE_GOODSPROPERTY_H" VALUES ('产地', '1508181000023', '鸡西', '1');
INSERT INTO "TRADE_GNNT"."E_TRADE_GOODSPROPERTY_H" VALUES ('品牌', '1508181000023', '汇元', '1');
INSERT INTO "TRADE_GNNT"."E_TRADE_GOODSPROPERTY_H" VALUES ('产地', '1508181000024', '鸡西', '1');
INSERT INTO "TRADE_GNNT"."E_TRADE_GOODSPROPERTY_H" VALUES ('交收属性', '1508181000024', '公路运输', '1');
INSERT INTO "TRADE_GNNT"."E_TRADE_GOODSPROPERTY_H" VALUES ('品牌', '1508181000024', '汇元', '1');
INSERT INTO "TRADE_GNNT"."E_TRADE_GOODSPROPERTY_H" VALUES ('质量等级', '1508181000024', 'GB/T3158-2008鳞片石墨-195', '2');

-- ----------------------------
-- Table structure for E_TRADE_H
-- ----------------------------
DROP TABLE "TRADE_GNNT"."E_TRADE_H";
CREATE TABLE "TRADE_GNNT"."E_TRADE_H" (
"TRADENO" NUMBER(15) NOT NULL ,
"ORDERTITLE" VARCHAR2(128 BYTE) NOT NULL ,
"BREEDID" NUMBER(10) NOT NULL ,
"BFIRMID" VARCHAR2(32 BYTE) NOT NULL ,
"SFIRMID" VARCHAR2(32 BYTE) NOT NULL ,
"PRICE" NUMBER(15,2) NOT NULL ,
"QUANTITY" NUMBER(15,2) DEFAULT 0  NOT NULL ,
"UNIT" VARCHAR2(16 BYTE) NOT NULL ,
"TRADEPRETIME" NUMBER(10) NOT NULL ,
"TRADEMARGIN_B" NUMBER(15,2) NOT NULL ,
"DELIVERYMARGIN_B" NUMBER(15,2) NOT NULL ,
"TRADEMARGIN_S" NUMBER(15,2) NOT NULL ,
"DELIVERYMARGIN_S" NUMBER(15,2) NOT NULL ,
"DELIVERYDAY" DATE NOT NULL ,
"BUYTRADEFEE" NUMBER(15,2) NULL ,
"BUYDELIVERYFEE" NUMBER(15,2) NULL ,
"BUYPAYTRADEFEE" NUMBER(15,2) NULL ,
"BUYPAYDELIVERYFEE" NUMBER(15,2) NULL ,
"SELLTRADEFEE" NUMBER(15,2) NULL ,
"SELLDELIVERYFEE" NUMBER(15,2) NULL ,
"SELLPAYTRADEFEE" NUMBER(15,2) NULL ,
"SELLPAYDELIVERYFEE" NUMBER(15,2) NULL ,
"DELIVERYTYPE" NUMBER(1) NULL ,
"WAREHOUSEID" VARCHAR2(30 BYTE) DEFAULT 0  NULL ,
"DELIVERYADDRESS" VARCHAR2(64 BYTE) NULL ,
"TRADETYPE" NUMBER(1) DEFAULT 0  NOT NULL ,
"PAYTYPE" NUMBER(1) NULL ,
"TIME" DATE NULL ,
"REMARK" VARCHAR2(1024 BYTE) NULL ,
"STATUS" NUMBER(2) NOT NULL ,
"ORDERID" NUMBER(15) NOT NULL 
)
LOGGING
NOCOMPRESS
NOCACHE

;
COMMENT ON COLUMN "TRADE_GNNT"."E_TRADE_H"."ORDERTITLE" IS '委托时的标题，默认为商品分类名+品名。';
COMMENT ON COLUMN "TRADE_GNNT"."E_TRADE_H"."TRADEPRETIME" IS '以秒为单位';
COMMENT ON COLUMN "TRADE_GNNT"."E_TRADE_H"."DELIVERYTYPE" IS '1：指定仓库交收 2：指定交收地交收';
COMMENT ON COLUMN "TRADE_GNNT"."E_TRADE_H"."TRADETYPE" IS '0： 协议交收 1：自主交收 ';
COMMENT ON COLUMN "TRADE_GNNT"."E_TRADE_H"."PAYTYPE" IS '0： 先款后货 1： 先货后款 2：不限制';
COMMENT ON COLUMN "TRADE_GNNT"."E_TRADE_H"."STATUS" IS '0：订单状态 1：订单阶段违约 2：订单阶段系统撤销 3：成交阶段 4：成交阶段违约
5：货、款到位 6：支付首款  7:支付第二笔货款 8:支付尾款（结束）
21：待违约处理(买方违约) 22：待违约处理（卖方违约）
';

-- ----------------------------
-- Records of E_TRADE_H
-- ----------------------------
INSERT INTO "TRADE_GNNT"."E_TRADE_H" VALUES ('1504241000005', '棉布', '1140', 'xh011', 'xh010', '300', '1000', '批', '7200', '1000', '60000', '1000', '60000', TO_DATE('2015-04-24 15:20:26', 'YYYY-MM-DD HH24:MI:SS'), '3000', '6000', '3000', '6000', '3000', '6000', '3000', '6000', '1', '0001', null, '0', '0', TO_DATE('2015-04-24 10:20:26', 'YYYY-MM-DD HH24:MI:SS'), null, '8', '1504241000001');
INSERT INTO "TRADE_GNNT"."E_TRADE_H" VALUES ('1504241000006', '棉布', '1140', 'xh010', 'xh011', '120', '1000', '批', '7200', '1000', '24000', '1000', '24000', TO_DATE('2015-04-24 15:36:37', 'YYYY-MM-DD HH24:MI:SS'), '1200', '2400', '1200', '2400', '1200', '2400', '1200', '2400', '1', '0001', null, '1', '0', TO_DATE('2015-04-24 10:36:37', 'YYYY-MM-DD HH24:MI:SS'), null, '8', '1504241000002');
INSERT INTO "TRADE_GNNT"."E_TRADE_H" VALUES ('1508181000020', '石墨', '1120', '50500000100', '60600000100', '345', '100', '0.1吨', '7200', '1000', '6900', '1000', '6900', TO_DATE('2015-08-18 20:35:19', 'YYYY-MM-DD HH24:MI:SS'), '345', '690', '345', '690', '345', '690', '345', '690', '1', '005', null, '0', '0', TO_DATE('2015-08-18 15:35:20', 'YYYY-MM-DD HH24:MI:SS'), null, '8', '1508181000020');
INSERT INTO "TRADE_GNNT"."E_TRADE_H" VALUES ('1508181000021', '石墨', '1120', '50500000100', '60600000100', '400', '100', '0.1吨', '7200', '1000', '8000', '1000', '8000', TO_DATE('2015-08-18 20:44:17', 'YYYY-MM-DD HH24:MI:SS'), '400', '800', '400', '800', '400', '800', '400', '800', '1', '005', null, '0', '0', TO_DATE('2015-08-18 15:44:18', 'YYYY-MM-DD HH24:MI:SS'), null, '8', '1508181000021');
INSERT INTO "TRADE_GNNT"."E_TRADE_H" VALUES ('1508181000022', '石墨', '1120', '60600000100', '50500000100', '800', '100', '0.1吨', '7200', '1000', '16000', '1000', '16000', TO_DATE('2015-08-18 21:07:02', 'YYYY-MM-DD HH24:MI:SS'), '800', '1600', '800', '1600', '800', '1600', '800', '1600', '1', '005', null, '0', '0', TO_DATE('2015-08-18 16:07:03', 'YYYY-MM-DD HH24:MI:SS'), null, '8', '1508181000023');
INSERT INTO "TRADE_GNNT"."E_TRADE_H" VALUES ('1508181000023', '石墨', '1120', '60600000100', '50500000100', '800', '100', '0.1吨', '7200', '1000', '16000', '1000', '16000', TO_DATE('2015-08-18 21:07:44', 'YYYY-MM-DD HH24:MI:SS'), '800', '1600', '800', '1600', '800', '1600', '800', '1600', '1', '005', null, '0', '0', TO_DATE('2015-08-18 16:07:45', 'YYYY-MM-DD HH24:MI:SS'), null, '8', '1508181000022');
INSERT INTO "TRADE_GNNT"."E_TRADE_H" VALUES ('1508181000024', '石墨', '1120', '60600000100', '50500000100', '750', '1000', '0.1吨', '7200', '1000', '150000', '1000', '150000', TO_DATE('2015-08-18 21:11:33', 'YYYY-MM-DD HH24:MI:SS'), '7500', '15000', '7500', '15000', '7500', '15000', '7500', '15000', '1', '005', null, '0', '0', TO_DATE('2015-08-18 16:11:33', 'YYYY-MM-DD HH24:MI:SS'), null, '8', '1508181000024');

-- ----------------------------
-- Table structure for E_TRADEFEE
-- ----------------------------
DROP TABLE "TRADE_GNNT"."E_TRADEFEE";
CREATE TABLE "TRADE_GNNT"."E_TRADEFEE" (
"TRADEFEEID" NUMBER(10) NOT NULL ,
"FIRMID" VARCHAR2(32 BYTE) NULL ,
"CATEGORYID" NUMBER(10) NULL ,
"FEEMODE" NUMBER(1) NOT NULL ,
"RATE" NUMBER(15,5) NOT NULL 
)
LOGGING
NOCOMPRESS
NOCACHE

;
COMMENT ON COLUMN "TRADE_GNNT"."E_TRADEFEE"."FEEMODE" IS '手续费算法：1 固定值 2 百分比';
COMMENT ON COLUMN "TRADE_GNNT"."E_TRADEFEE"."RATE" IS '手续费率';

-- ----------------------------
-- Records of E_TRADEFEE
-- ----------------------------

-- ----------------------------
-- Table structure for E_TRADEPROCESSLOG
-- ----------------------------
DROP TABLE "TRADE_GNNT"."E_TRADEPROCESSLOG";
CREATE TABLE "TRADE_GNNT"."E_TRADEPROCESSLOG" (
"LOGID" NUMBER(12) NOT NULL ,
"TRADENO" NUMBER(15) NOT NULL ,
"FIRMID" VARCHAR2(32 BYTE) NOT NULL ,
"OPERATOR" VARCHAR2(32 BYTE) NULL ,
"PROCESSINFO" VARCHAR2(1024 BYTE) NULL ,
"PROCESSTIME" DATE NULL 
)
LOGGING
NOCOMPRESS
NOCACHE

;

-- ----------------------------
-- Records of E_TRADEPROCESSLOG
-- ----------------------------
INSERT INTO "TRADE_GNNT"."E_TRADEPROCESSLOG" VALUES ('29', '1504241000007', 'xh004', 'xh004', '支付履约保证金，支付金额20000.00', TO_DATE('2015-04-24 13:30:36', 'YYYY-MM-DD HH24:MI:SS'));
INSERT INTO "TRADE_GNNT"."E_TRADEPROCESSLOG" VALUES ('30', '1504241000007', 'xh004', '系统', '生成合同', TO_DATE('2015-04-24 13:30:36', 'YYYY-MM-DD HH24:MI:SS'));
INSERT INTO "TRADE_GNNT"."E_TRADEPROCESSLOG" VALUES ('31', '1504241000008', 'xh004', 'xh004', '支付履约保证金，支付金额2000.00', TO_DATE('2015-04-24 13:32:17', 'YYYY-MM-DD HH24:MI:SS'));
INSERT INTO "TRADE_GNNT"."E_TRADEPROCESSLOG" VALUES ('32', '1504241000008', 'xh004', '系统', '生成合同', TO_DATE('2015-04-24 13:32:17', 'YYYY-MM-DD HH24:MI:SS'));
INSERT INTO "TRADE_GNNT"."E_TRADEPROCESSLOG" VALUES ('33', '1504241000008', 'xh012', 'xh012', '支付履约保证金，支付金额2000.00', TO_DATE('2015-04-24 13:33:37', 'YYYY-MM-DD HH24:MI:SS'));
INSERT INTO "TRADE_GNNT"."E_TRADEPROCESSLOG" VALUES ('34', '1504241000008', 'xh012', '系统', '双方满足条件订单转成交', TO_DATE('2015-04-24 13:33:38', 'YYYY-MM-DD HH24:MI:SS'));
INSERT INTO "TRADE_GNNT"."E_TRADEPROCESSLOG" VALUES ('35', '1504241000008', 'xh012', 'xh012', '关闭合同,关闭方交易商代码：xh012;', TO_DATE('2015-04-24 13:34:46', 'YYYY-MM-DD HH24:MI:SS'));
INSERT INTO "TRADE_GNNT"."E_TRADEPROCESSLOG" VALUES ('36', '1504241000007', 'xh010', 'xh010', '支付履约保证金，支付金额20000.00', TO_DATE('2015-04-24 13:42:00', 'YYYY-MM-DD HH24:MI:SS'));
INSERT INTO "TRADE_GNNT"."E_TRADEPROCESSLOG" VALUES ('37', '1504241000007', 'xh004', '系统', '双方满足条件订单转成交', TO_DATE('2015-04-24 13:42:01', 'YYYY-MM-DD HH24:MI:SS'));
INSERT INTO "TRADE_GNNT"."E_TRADEPROCESSLOG" VALUES ('38', '1504241000009', 'xh004', 'xh004', '支付履约保证金，支付金额4000.00', TO_DATE('2015-04-24 13:53:32', 'YYYY-MM-DD HH24:MI:SS'));
INSERT INTO "TRADE_GNNT"."E_TRADEPROCESSLOG" VALUES ('39', '1504241000009', 'xh013', 'xh013', '支付履约保证金，支付金额4000.00', TO_DATE('2015-04-24 13:53:32', 'YYYY-MM-DD HH24:MI:SS'));
INSERT INTO "TRADE_GNNT"."E_TRADEPROCESSLOG" VALUES ('40', '1504241000009', 'xh013', '系统', '生成合同', TO_DATE('2015-04-24 13:53:32', 'YYYY-MM-DD HH24:MI:SS'));
INSERT INTO "TRADE_GNNT"."E_TRADEPROCESSLOG" VALUES ('41', '1504241000009', 'xh013', '系统', '双方满足条件订单转成交', TO_DATE('2015-04-24 13:53:33', 'YYYY-MM-DD HH24:MI:SS'));
INSERT INTO "TRADE_GNNT"."E_TRADEPROCESSLOG" VALUES ('42', '1504241000007', 'xh010', '系统', '转入仓单,退还履约保证金，保证金金额=20000.00', TO_DATE('2015-04-24 13:54:03', 'YYYY-MM-DD HH24:MI:SS'));
INSERT INTO "TRADE_GNNT"."E_TRADEPROCESSLOG" VALUES ('43', '1504241000007', 'xh010', 'xh010', '转入货物，转入数量100.00;转入仓单号为：443', TO_DATE('2015-04-24 13:54:03', 'YYYY-MM-DD HH24:MI:SS'));
INSERT INTO "TRADE_GNNT"."E_TRADEPROCESSLOG" VALUES ('44', '1504241000010', 'xh006', 'xh006', '支付履约保证金，支付金额700.00', TO_DATE('2015-04-24 13:56:26', 'YYYY-MM-DD HH24:MI:SS'));
INSERT INTO "TRADE_GNNT"."E_TRADEPROCESSLOG" VALUES ('45', '1504241000010', 'xh005', 'xh005', '支付履约保证金，支付金额700.00', TO_DATE('2015-04-24 13:56:26', 'YYYY-MM-DD HH24:MI:SS'));
INSERT INTO "TRADE_GNNT"."E_TRADEPROCESSLOG" VALUES ('46', '1504241000010', 'xh005', '系统', '生成合同', TO_DATE('2015-04-24 13:56:26', 'YYYY-MM-DD HH24:MI:SS'));
INSERT INTO "TRADE_GNNT"."E_TRADEPROCESSLOG" VALUES ('47', '1504241000010', 'xh005', '系统', '双方满足条件订单转成交', TO_DATE('2015-04-24 13:56:27', 'YYYY-MM-DD HH24:MI:SS'));
INSERT INTO "TRADE_GNNT"."E_TRADEPROCESSLOG" VALUES ('48', '1504241000007', 'xh004', '系统', '支付货款,退还履约保证金，保证金金额=20000.00', TO_DATE('2015-04-24 13:56:43', 'YYYY-MM-DD HH24:MI:SS'));
INSERT INTO "TRADE_GNNT"."E_TRADEPROCESSLOG" VALUES ('49', '1504241000007', 'xh004', 'xh004', '转入货款，转入金额100000.00', TO_DATE('2015-04-24 13:56:43', 'YYYY-MM-DD HH24:MI:SS'));
INSERT INTO "TRADE_GNNT"."E_TRADEPROCESSLOG" VALUES ('50', '1504241000007', 'xh004', 'xh004', '支付货款,支付比例=20.000% 支付金额=20000.00', TO_DATE('2015-04-24 13:57:18', 'YYYY-MM-DD HH24:MI:SS'));
INSERT INTO "TRADE_GNNT"."E_TRADEPROCESSLOG" VALUES ('51', '1504241000007', 'xh004', 'xh004', '发起溢短货款申请,溢短货款金额为1000.00', TO_DATE('2015-04-24 13:58:16', 'YYYY-MM-DD HH24:MI:SS'));
INSERT INTO "TRADE_GNNT"."E_TRADEPROCESSLOG" VALUES ('52', '1504241000011', '60600000100', '系统', '生成合同', TO_DATE('2015-04-24 13:59:33', 'YYYY-MM-DD HH24:MI:SS'));
INSERT INTO "TRADE_GNNT"."E_TRADEPROCESSLOG" VALUES ('53', '1504241000011', '60600000100', '60600000100', '支付履约保证金，支付金额1300.00', TO_DATE('2015-04-24 14:00:51', 'YYYY-MM-DD HH24:MI:SS'));
INSERT INTO "TRADE_GNNT"."E_TRADEPROCESSLOG" VALUES ('54', '1504241000011', '50500000100', '50500000100', '支付履约保证金，支付金额1300.00', TO_DATE('2015-04-24 14:03:42', 'YYYY-MM-DD HH24:MI:SS'));
INSERT INTO "TRADE_GNNT"."E_TRADEPROCESSLOG" VALUES ('55', '1504241000011', '50500000100', '系统', '双方满足条件订单转成交', TO_DATE('2015-04-24 14:03:42', 'YYYY-MM-DD HH24:MI:SS'));
INSERT INTO "TRADE_GNNT"."E_TRADEPROCESSLOG" VALUES ('56', '1504241000011', '50500000100', '系统', '支付货款,退还履约保证金，保证金金额=1300.00', TO_DATE('2015-04-24 14:04:24', 'YYYY-MM-DD HH24:MI:SS'));
INSERT INTO "TRADE_GNNT"."E_TRADEPROCESSLOG" VALUES ('57', '1504241000011', '50500000100', '50500000100', '转入货款，转入金额6500.00', TO_DATE('2015-04-24 14:04:24', 'YYYY-MM-DD HH24:MI:SS'));
INSERT INTO "TRADE_GNNT"."E_TRADEPROCESSLOG" VALUES ('58', '1504241000007', 'xh010', 'xh010', '处理溢短货款,溢短货款发生额为1000.00', TO_DATE('2015-04-24 14:06:16', 'YYYY-MM-DD HH24:MI:SS'));
INSERT INTO "TRADE_GNNT"."E_TRADEPROCESSLOG" VALUES ('59', '1504241000012', 'xh006', 'xh006', '支付履约保证金，支付金额700.00', TO_DATE('2015-04-24 14:10:13', 'YYYY-MM-DD HH24:MI:SS'));
INSERT INTO "TRADE_GNNT"."E_TRADEPROCESSLOG" VALUES ('60', '1504241000012', 'xh007', 'xh007', '支付履约保证金，支付金额700.00', TO_DATE('2015-04-24 14:10:13', 'YYYY-MM-DD HH24:MI:SS'));
INSERT INTO "TRADE_GNNT"."E_TRADEPROCESSLOG" VALUES ('61', '1504241000012', 'xh007', '系统', '生成合同', TO_DATE('2015-04-24 14:10:13', 'YYYY-MM-DD HH24:MI:SS'));
INSERT INTO "TRADE_GNNT"."E_TRADEPROCESSLOG" VALUES ('62', '1504241000012', 'xh007', '系统', '双方满足条件订单转成交', TO_DATE('2015-04-24 14:10:13', 'YYYY-MM-DD HH24:MI:SS'));
INSERT INTO "TRADE_GNNT"."E_TRADEPROCESSLOG" VALUES ('63', '1504241000009', 'xh013', '系统', '支付货款,退还履约保证金，保证金金额=4000.00', TO_DATE('2015-04-24 14:11:15', 'YYYY-MM-DD HH24:MI:SS'));
INSERT INTO "TRADE_GNNT"."E_TRADEPROCESSLOG" VALUES ('64', '1504241000009', 'xh013', 'xh013', '转入货款，转入金额20000.00', TO_DATE('2015-04-24 14:11:15', 'YYYY-MM-DD HH24:MI:SS'));
INSERT INTO "TRADE_GNNT"."E_TRADEPROCESSLOG" VALUES ('65', '1504241000010', 'xh005', '系统', '支付货款,退还履约保证金，保证金金额=700.00', TO_DATE('2015-04-24 14:15:46', 'YYYY-MM-DD HH24:MI:SS'));
INSERT INTO "TRADE_GNNT"."E_TRADEPROCESSLOG" VALUES ('66', '1504241000010', 'xh005', 'xh005', '转入货款，转入金额3500.00', TO_DATE('2015-04-24 14:15:46', 'YYYY-MM-DD HH24:MI:SS'));
INSERT INTO "TRADE_GNNT"."E_TRADEPROCESSLOG" VALUES ('67', '1504241000013', 'xh005', 'xh005', '支付履约保证金，支付金额4000.00', TO_DATE('2015-04-24 14:16:16', 'YYYY-MM-DD HH24:MI:SS'));
INSERT INTO "TRADE_GNNT"."E_TRADEPROCESSLOG" VALUES ('68', '1504241000013', 'xh005', '系统', '生成合同', TO_DATE('2015-04-24 14:16:16', 'YYYY-MM-DD HH24:MI:SS'));
INSERT INTO "TRADE_GNNT"."E_TRADEPROCESSLOG" VALUES ('69', '1504241000013', 'xh013', 'xh013', '支付履约保证金，支付金额4000.00', TO_DATE('2015-04-24 14:21:48', 'YYYY-MM-DD HH24:MI:SS'));
INSERT INTO "TRADE_GNNT"."E_TRADEPROCESSLOG" VALUES ('70', '1504241000013', 'xh005', '系统', '双方满足条件订单转成交', TO_DATE('2015-04-24 14:21:50', 'YYYY-MM-DD HH24:MI:SS'));
INSERT INTO "TRADE_GNNT"."E_TRADEPROCESSLOG" VALUES ('71', '1504241000013', 'xh005', '系统', '支付货款,退还履约保证金，保证金金额=4000.00', TO_DATE('2015-04-24 14:22:27', 'YYYY-MM-DD HH24:MI:SS'));
INSERT INTO "TRADE_GNNT"."E_TRADEPROCESSLOG" VALUES ('72', '1504241000013', 'xh005', 'xh005', '转入货款，转入金额20000.00', TO_DATE('2015-04-24 14:22:27', 'YYYY-MM-DD HH24:MI:SS'));
INSERT INTO "TRADE_GNNT"."E_TRADEPROCESSLOG" VALUES ('73', '1504241000014', 'xh007', 'xh007', '支付履约保证金，支付金额20000.00', TO_DATE('2015-04-24 14:37:02', 'YYYY-MM-DD HH24:MI:SS'));
INSERT INTO "TRADE_GNNT"."E_TRADEPROCESSLOG" VALUES ('74', '1504241000014', 'xh006', 'xh006', '支付履约保证金，支付金额20000.00', TO_DATE('2015-04-24 14:37:02', 'YYYY-MM-DD HH24:MI:SS'));
INSERT INTO "TRADE_GNNT"."E_TRADEPROCESSLOG" VALUES ('75', '1504241000014', 'xh006', '系统', '生成合同', TO_DATE('2015-04-24 14:37:02', 'YYYY-MM-DD HH24:MI:SS'));
INSERT INTO "TRADE_GNNT"."E_TRADEPROCESSLOG" VALUES ('76', '1504241000014', 'xh006', '系统', '双方满足条件订单转成交', TO_DATE('2015-04-24 14:37:02', 'YYYY-MM-DD HH24:MI:SS'));
INSERT INTO "TRADE_GNNT"."E_TRADEPROCESSLOG" VALUES ('77', '1504241000009', 'xh004', 'xh004', '关闭合同,关闭方交易商代码：xh004;', TO_DATE('2015-04-24 16:36:06', 'YYYY-MM-DD HH24:MI:SS'));
INSERT INTO "TRADE_GNNT"."E_TRADEPROCESSLOG" VALUES ('81', '1504241000011', '50500000100', '50500000100', '发起违约申请', TO_DATE('2015-08-18 15:30:12', 'YYYY-MM-DD HH24:MI:SS'));
INSERT INTO "TRADE_GNNT"."E_TRADEPROCESSLOG" VALUES ('82', '1504241000011', '50500000100', '50500000100', '撤销违约申请', TO_DATE('2015-08-18 15:31:11', 'YYYY-MM-DD HH24:MI:SS'));
INSERT INTO "TRADE_GNNT"."E_TRADEPROCESSLOG" VALUES ('92', '1504241000011', '50500000100', '50500000100', '发起违约申请', TO_DATE('2015-08-18 15:36:44', 'YYYY-MM-DD HH24:MI:SS'));
INSERT INTO "TRADE_GNNT"."E_TRADEPROCESSLOG" VALUES ('93', '1504241000011', '60600000100', '60600000100', '关闭合同,关闭方交易商代码：60600000100;', TO_DATE('2015-08-18 15:38:35', 'YYYY-MM-DD HH24:MI:SS'));

-- ----------------------------
-- Table structure for E_TRADEPROCESSLOG_H
-- ----------------------------
DROP TABLE "TRADE_GNNT"."E_TRADEPROCESSLOG_H";
CREATE TABLE "TRADE_GNNT"."E_TRADEPROCESSLOG_H" (
"LOGID" NUMBER(12) NOT NULL ,
"TRADENO" NUMBER(15) NOT NULL ,
"FIRMID" VARCHAR2(32 BYTE) NOT NULL ,
"OPERATOR" VARCHAR2(32 BYTE) NULL ,
"PROCESSINFO" VARCHAR2(1024 BYTE) NULL ,
"PROCESSTIME" DATE NULL 
)
LOGGING
NOCOMPRESS
NOCACHE

;

-- ----------------------------
-- Records of E_TRADEPROCESSLOG_H
-- ----------------------------
INSERT INTO "TRADE_GNNT"."E_TRADEPROCESSLOG_H" VALUES ('7', '1504241000005', 'xh011', 'xh011', '支付履约保证金，支付金额60000.00', TO_DATE('2015-04-24 10:20:26', 'YYYY-MM-DD HH24:MI:SS'));
INSERT INTO "TRADE_GNNT"."E_TRADEPROCESSLOG_H" VALUES ('8', '1504241000005', 'xh011', '系统', '生成合同', TO_DATE('2015-04-24 10:20:26', 'YYYY-MM-DD HH24:MI:SS'));
INSERT INTO "TRADE_GNNT"."E_TRADEPROCESSLOG_H" VALUES ('9', '1504241000005', 'xh010', 'xh010', '支付履约保证金，支付金额60000.00', TO_DATE('2015-04-24 10:21:40', 'YYYY-MM-DD HH24:MI:SS'));
INSERT INTO "TRADE_GNNT"."E_TRADEPROCESSLOG_H" VALUES ('10', '1504241000005', 'xh011', '系统', '双方满足条件订单转成交', TO_DATE('2015-04-24 10:21:42', 'YYYY-MM-DD HH24:MI:SS'));
INSERT INTO "TRADE_GNNT"."E_TRADEPROCESSLOG_H" VALUES ('11', '1504241000005', 'xh010', '系统', '转入仓单,退还履约保证金，保证金金额=60000.00', TO_DATE('2015-04-24 10:23:56', 'YYYY-MM-DD HH24:MI:SS'));
INSERT INTO "TRADE_GNNT"."E_TRADEPROCESSLOG_H" VALUES ('12', '1504241000005', 'xh010', 'xh010', '转入货物，转入数量1000.00;转入仓单号为：441', TO_DATE('2015-04-24 10:23:56', 'YYYY-MM-DD HH24:MI:SS'));
INSERT INTO "TRADE_GNNT"."E_TRADEPROCESSLOG_H" VALUES ('13', '1504241000005', 'xh011', '系统', '支付货款,退还履约保证金，保证金金额=60000.00', TO_DATE('2015-04-24 10:24:12', 'YYYY-MM-DD HH24:MI:SS'));
INSERT INTO "TRADE_GNNT"."E_TRADEPROCESSLOG_H" VALUES ('14', '1504241000005', 'xh011', 'xh011', '转入货款，转入金额300000.00', TO_DATE('2015-04-24 10:24:12', 'YYYY-MM-DD HH24:MI:SS'));
INSERT INTO "TRADE_GNNT"."E_TRADEPROCESSLOG_H" VALUES ('15', '1504241000005', 'xh011', 'xh011', '支付货款,支付比例=20.000% 支付金额=60000.00', TO_DATE('2015-04-24 10:24:19', 'YYYY-MM-DD HH24:MI:SS'));
INSERT INTO "TRADE_GNNT"."E_TRADEPROCESSLOG_H" VALUES ('16', '1504241000005', 'xh011', 'xh011', '发起溢短货款申请,溢短货款金额为200.00', TO_DATE('2015-04-24 10:26:50', 'YYYY-MM-DD HH24:MI:SS'));
INSERT INTO "TRADE_GNNT"."E_TRADEPROCESSLOG_H" VALUES ('17', '1504241000005', 'xh010', 'xh010', '处理溢短货款,溢短货款发生额为200.00', TO_DATE('2015-04-24 10:27:06', 'YYYY-MM-DD HH24:MI:SS'));
INSERT INTO "TRADE_GNNT"."E_TRADEPROCESSLOG_H" VALUES ('18', '1504241000005', 'xh011', 'xh011', '支付货款,支付金额=179800.00', TO_DATE('2015-04-24 10:31:24', 'YYYY-MM-DD HH24:MI:SS'));
INSERT INTO "TRADE_GNNT"."E_TRADEPROCESSLOG_H" VALUES ('19', '1504241000005', 'xh011', 'xh011', '支付尾款,尾款金额=60000.00', TO_DATE('2015-04-24 10:31:29', 'YYYY-MM-DD HH24:MI:SS'));
INSERT INTO "TRADE_GNNT"."E_TRADEPROCESSLOG_H" VALUES ('20', '1504241000006', 'xh010', 'xh010', '支付履约保证金，支付金额24000.00', TO_DATE('2015-04-24 10:36:37', 'YYYY-MM-DD HH24:MI:SS'));
INSERT INTO "TRADE_GNNT"."E_TRADEPROCESSLOG_H" VALUES ('21', '1504241000006', 'xh010', '系统', '生成合同', TO_DATE('2015-04-24 10:36:38', 'YYYY-MM-DD HH24:MI:SS'));
INSERT INTO "TRADE_GNNT"."E_TRADEPROCESSLOG_H" VALUES ('22', '1504241000006', 'xh010', 'xh011', '转入仓单，仓单号：441', TO_DATE('2015-04-24 10:36:38', 'YYYY-MM-DD HH24:MI:SS'));
INSERT INTO "TRADE_GNNT"."E_TRADEPROCESSLOG_H" VALUES ('23', '1504241000006', 'xh010', '系统', '双方满足条件订单转成交', TO_DATE('2015-04-24 10:36:39', 'YYYY-MM-DD HH24:MI:SS'));
INSERT INTO "TRADE_GNNT"."E_TRADEPROCESSLOG_H" VALUES ('24', '1504241000006', 'xh011', 'xh011', '支付货物，支付仓单号为441;对应的货物数量为1000.00', TO_DATE('2015-04-24 10:37:48', 'YYYY-MM-DD HH24:MI:SS'));
INSERT INTO "TRADE_GNNT"."E_TRADEPROCESSLOG_H" VALUES ('25', '1504241000006', 'xh010', '系统', '支付货款,退还履约保证金，保证金金额=24000.00', TO_DATE('2015-04-24 10:38:30', 'YYYY-MM-DD HH24:MI:SS'));
INSERT INTO "TRADE_GNNT"."E_TRADEPROCESSLOG_H" VALUES ('26', '1504241000006', 'xh010', 'xh010', '转入货款，转入金额132000.00', TO_DATE('2015-04-24 10:38:30', 'YYYY-MM-DD HH24:MI:SS'));
INSERT INTO "TRADE_GNNT"."E_TRADEPROCESSLOG_H" VALUES ('27', '1504241000006', 'xh010', 'xh010', '支付货款,支付金额=132000.00', TO_DATE('2015-04-24 10:39:31', 'YYYY-MM-DD HH24:MI:SS'));
INSERT INTO "TRADE_GNNT"."E_TRADEPROCESSLOG_H" VALUES ('28', '1504241000006', 'xh010', '系统', '合同满足结束条件系统将合同结束', TO_DATE('2015-04-24 10:39:32', 'YYYY-MM-DD HH24:MI:SS'));
INSERT INTO "TRADE_GNNT"."E_TRADEPROCESSLOG_H" VALUES ('83', '1508181000020', '50500000100', '50500000100', '支付履约保证金，支付金额6900.00', TO_DATE('2015-08-18 15:35:20', 'YYYY-MM-DD HH24:MI:SS'));
INSERT INTO "TRADE_GNNT"."E_TRADEPROCESSLOG_H" VALUES ('84', '1508181000020', '50500000100', '系统', '生成合同', TO_DATE('2015-08-18 15:35:20', 'YYYY-MM-DD HH24:MI:SS'));
INSERT INTO "TRADE_GNNT"."E_TRADEPROCESSLOG_H" VALUES ('85', '1508181000020', '50500000100', '60600000100', '转入仓单，仓单号：445', TO_DATE('2015-08-18 15:35:20', 'YYYY-MM-DD HH24:MI:SS'));
INSERT INTO "TRADE_GNNT"."E_TRADEPROCESSLOG_H" VALUES ('86', '1508181000020', '50500000100', '系统', '双方满足条件订单转成交', TO_DATE('2015-08-18 15:35:22', 'YYYY-MM-DD HH24:MI:SS'));
INSERT INTO "TRADE_GNNT"."E_TRADEPROCESSLOG_H" VALUES ('87', '1508181000020', '50500000100', '系统', '支付货款,退还履约保证金，保证金金额=6900.00', TO_DATE('2015-08-18 15:35:51', 'YYYY-MM-DD HH24:MI:SS'));
INSERT INTO "TRADE_GNNT"."E_TRADEPROCESSLOG_H" VALUES ('88', '1508181000020', '50500000100', '50500000100', '转入货款，转入金额34500.00', TO_DATE('2015-08-18 15:35:51', 'YYYY-MM-DD HH24:MI:SS'));
INSERT INTO "TRADE_GNNT"."E_TRADEPROCESSLOG_H" VALUES ('89', '1508181000020', '50500000100', '50500000100', '支付货款,支付比例=20.000% 支付金额=6900.00', TO_DATE('2015-08-18 15:36:02', 'YYYY-MM-DD HH24:MI:SS'));
INSERT INTO "TRADE_GNNT"."E_TRADEPROCESSLOG_H" VALUES ('90', '1508181000020', '50500000100', '50500000100', '支付货款,支付比例=60.000% 支付金额=20700.00', TO_DATE('2015-08-18 15:36:13', 'YYYY-MM-DD HH24:MI:SS'));
INSERT INTO "TRADE_GNNT"."E_TRADEPROCESSLOG_H" VALUES ('91', '1508181000020', '50500000100', '50500000100', '支付尾款,尾款金额=6900.00', TO_DATE('2015-08-18 15:36:21', 'YYYY-MM-DD HH24:MI:SS'));
INSERT INTO "TRADE_GNNT"."E_TRADEPROCESSLOG_H" VALUES ('94', '1508181000021', '50500000100', '50500000100', '支付履约保证金，支付金额8000.00', TO_DATE('2015-08-18 15:44:18', 'YYYY-MM-DD HH24:MI:SS'));
INSERT INTO "TRADE_GNNT"."E_TRADEPROCESSLOG_H" VALUES ('95', '1508181000021', '50500000100', '系统', '生成合同', TO_DATE('2015-08-18 15:44:18', 'YYYY-MM-DD HH24:MI:SS'));
INSERT INTO "TRADE_GNNT"."E_TRADEPROCESSLOG_H" VALUES ('96', '1508181000021', '60600000100', '60600000100', '支付履约保证金，支付金额8000.00', TO_DATE('2015-08-18 15:46:03', 'YYYY-MM-DD HH24:MI:SS'));
INSERT INTO "TRADE_GNNT"."E_TRADEPROCESSLOG_H" VALUES ('97', '1508181000021', '50500000100', '系统', '双方满足条件订单转成交', TO_DATE('2015-08-18 15:46:03', 'YYYY-MM-DD HH24:MI:SS'));
INSERT INTO "TRADE_GNNT"."E_TRADEPROCESSLOG_H" VALUES ('98', '1508181000021', '60600000100', '系统', '转入仓单,退还履约保证金，保证金金额=8000.00', TO_DATE('2015-08-18 15:53:46', 'YYYY-MM-DD HH24:MI:SS'));
INSERT INTO "TRADE_GNNT"."E_TRADEPROCESSLOG_H" VALUES ('99', '1508181000021', '60600000100', '60600000100', '转入货物，转入数量100.00;转入仓单号为：781', TO_DATE('2015-08-18 15:53:46', 'YYYY-MM-DD HH24:MI:SS'));
INSERT INTO "TRADE_GNNT"."E_TRADEPROCESSLOG_H" VALUES ('100', '1508181000021', '50500000100', '系统', '支付货款,退还履约保证金，保证金金额=8000.00', TO_DATE('2015-08-18 15:54:30', 'YYYY-MM-DD HH24:MI:SS'));
INSERT INTO "TRADE_GNNT"."E_TRADEPROCESSLOG_H" VALUES ('101', '1508181000021', '50500000100', '50500000100', '转入货款，转入金额40000.00', TO_DATE('2015-08-18 15:54:30', 'YYYY-MM-DD HH24:MI:SS'));
INSERT INTO "TRADE_GNNT"."E_TRADEPROCESSLOG_H" VALUES ('102', '1508181000021', '50500000100', '50500000100', '支付货款,支付比例=20.000% 支付金额=8000.00', TO_DATE('2015-08-18 15:54:38', 'YYYY-MM-DD HH24:MI:SS'));
INSERT INTO "TRADE_GNNT"."E_TRADEPROCESSLOG_H" VALUES ('103', '1508181000021', '50500000100', '50500000100', '支付货款,支付比例=60.000% 支付金额=24000.00', TO_DATE('2015-08-18 15:54:44', 'YYYY-MM-DD HH24:MI:SS'));
INSERT INTO "TRADE_GNNT"."E_TRADEPROCESSLOG_H" VALUES ('104', '1508181000021', '50500000100', '50500000100', '支付尾款,尾款金额=8000.00', TO_DATE('2015-08-18 15:54:49', 'YYYY-MM-DD HH24:MI:SS'));
INSERT INTO "TRADE_GNNT"."E_TRADEPROCESSLOG_H" VALUES ('105', '1508181000022', '60600000100', '系统', '生成合同', TO_DATE('2015-08-18 16:07:03', 'YYYY-MM-DD HH24:MI:SS'));
INSERT INTO "TRADE_GNNT"."E_TRADEPROCESSLOG_H" VALUES ('106', '1508181000022', '60600000100', '50500000100', '转入仓单，仓单号：781', TO_DATE('2015-08-18 16:07:03', 'YYYY-MM-DD HH24:MI:SS'));
INSERT INTO "TRADE_GNNT"."E_TRADEPROCESSLOG_H" VALUES ('107', '1508181000023', '60600000100', '60600000100', '支付履约保证金，支付金额16000.00', TO_DATE('2015-08-18 16:07:45', 'YYYY-MM-DD HH24:MI:SS'));
INSERT INTO "TRADE_GNNT"."E_TRADEPROCESSLOG_H" VALUES ('108', '1508181000023', '60600000100', '系统', '生成合同', TO_DATE('2015-08-18 16:07:45', 'YYYY-MM-DD HH24:MI:SS'));
INSERT INTO "TRADE_GNNT"."E_TRADEPROCESSLOG_H" VALUES ('109', '1508181000023', '60600000100', '50500000100', '转入仓单，仓单号：445', TO_DATE('2015-08-18 16:07:45', 'YYYY-MM-DD HH24:MI:SS'));
INSERT INTO "TRADE_GNNT"."E_TRADEPROCESSLOG_H" VALUES ('110', '1508181000023', '60600000100', '系统', '双方满足条件订单转成交', TO_DATE('2015-08-18 16:07:45', 'YYYY-MM-DD HH24:MI:SS'));
INSERT INTO "TRADE_GNNT"."E_TRADEPROCESSLOG_H" VALUES ('111', '1508181000022', '60600000100', '60600000100', '支付履约保证金，支付金额16000.00', TO_DATE('2015-08-18 16:08:10', 'YYYY-MM-DD HH24:MI:SS'));
INSERT INTO "TRADE_GNNT"."E_TRADEPROCESSLOG_H" VALUES ('112', '1508181000022', '60600000100', '系统', '双方满足条件订单转成交', TO_DATE('2015-08-18 16:08:12', 'YYYY-MM-DD HH24:MI:SS'));
INSERT INTO "TRADE_GNNT"."E_TRADEPROCESSLOG_H" VALUES ('113', '1508181000022', '60600000100', '系统', '支付货款,退还履约保证金，保证金金额=16000.00', TO_DATE('2015-08-18 16:08:17', 'YYYY-MM-DD HH24:MI:SS'));
INSERT INTO "TRADE_GNNT"."E_TRADEPROCESSLOG_H" VALUES ('114', '1508181000022', '60600000100', '60600000100', '转入货款，转入金额80000.00', TO_DATE('2015-08-18 16:08:17', 'YYYY-MM-DD HH24:MI:SS'));
INSERT INTO "TRADE_GNNT"."E_TRADEPROCESSLOG_H" VALUES ('115', '1508181000023', '60600000100', '系统', '支付货款,退还履约保证金，保证金金额=16000.00', TO_DATE('2015-08-18 16:08:25', 'YYYY-MM-DD HH24:MI:SS'));
INSERT INTO "TRADE_GNNT"."E_TRADEPROCESSLOG_H" VALUES ('116', '1508181000023', '60600000100', '60600000100', '转入货款，转入金额80000.00', TO_DATE('2015-08-18 16:08:25', 'YYYY-MM-DD HH24:MI:SS'));
INSERT INTO "TRADE_GNNT"."E_TRADEPROCESSLOG_H" VALUES ('117', '1508181000022', '60600000100', '60600000100', '支付货款,支付比例=20.000% 支付金额=16000.00', TO_DATE('2015-08-18 16:08:31', 'YYYY-MM-DD HH24:MI:SS'));
INSERT INTO "TRADE_GNNT"."E_TRADEPROCESSLOG_H" VALUES ('118', '1508181000022', '60600000100', '60600000100', '支付货款,支付比例=60.000% 支付金额=48000.00', TO_DATE('2015-08-18 16:08:38', 'YYYY-MM-DD HH24:MI:SS'));
INSERT INTO "TRADE_GNNT"."E_TRADEPROCESSLOG_H" VALUES ('119', '1508181000022', '60600000100', '60600000100', '支付尾款,尾款金额=16000.00', TO_DATE('2015-08-18 16:08:43', 'YYYY-MM-DD HH24:MI:SS'));
INSERT INTO "TRADE_GNNT"."E_TRADEPROCESSLOG_H" VALUES ('120', '1508181000023', '60600000100', '60600000100', '支付货款,支付比例=20.000% 支付金额=16000.00', TO_DATE('2015-08-18 16:08:51', 'YYYY-MM-DD HH24:MI:SS'));
INSERT INTO "TRADE_GNNT"."E_TRADEPROCESSLOG_H" VALUES ('121', '1508181000023', '60600000100', '60600000100', '支付货款,支付比例=60.000% 支付金额=48000.00', TO_DATE('2015-08-18 16:08:57', 'YYYY-MM-DD HH24:MI:SS'));
INSERT INTO "TRADE_GNNT"."E_TRADEPROCESSLOG_H" VALUES ('122', '1508181000023', '60600000100', '60600000100', '支付尾款,尾款金额=16000.00', TO_DATE('2015-08-18 16:09:03', 'YYYY-MM-DD HH24:MI:SS'));
INSERT INTO "TRADE_GNNT"."E_TRADEPROCESSLOG_H" VALUES ('123', '1508181000024', '50500000100', '系统', '生成合同', TO_DATE('2015-08-18 16:11:33', 'YYYY-MM-DD HH24:MI:SS'));
INSERT INTO "TRADE_GNNT"."E_TRADEPROCESSLOG_H" VALUES ('124', '1508181000024', '50500000100', '50500000100', '转入仓单，仓单号：782', TO_DATE('2015-08-18 16:11:33', 'YYYY-MM-DD HH24:MI:SS'));
INSERT INTO "TRADE_GNNT"."E_TRADEPROCESSLOG_H" VALUES ('125', '1508181000024', '60600000100', '60600000100', '支付履约保证金，支付金额150000.00', TO_DATE('2015-08-18 16:12:38', 'YYYY-MM-DD HH24:MI:SS'));
INSERT INTO "TRADE_GNNT"."E_TRADEPROCESSLOG_H" VALUES ('126', '1508181000024', '60600000100', '系统', '双方满足条件订单转成交', TO_DATE('2015-08-18 16:12:40', 'YYYY-MM-DD HH24:MI:SS'));
INSERT INTO "TRADE_GNNT"."E_TRADEPROCESSLOG_H" VALUES ('127', '1508181000024', '60600000100', '系统', '支付货款,退还履约保证金，保证金金额=150000.00', TO_DATE('2015-08-18 16:12:58', 'YYYY-MM-DD HH24:MI:SS'));
INSERT INTO "TRADE_GNNT"."E_TRADEPROCESSLOG_H" VALUES ('128', '1508181000024', '60600000100', '60600000100', '转入货款，转入金额750000.00', TO_DATE('2015-08-18 16:12:58', 'YYYY-MM-DD HH24:MI:SS'));
INSERT INTO "TRADE_GNNT"."E_TRADEPROCESSLOG_H" VALUES ('129', '1508181000024', '60600000100', '60600000100', '支付货款,支付比例=20.000% 支付金额=150000.00', TO_DATE('2015-08-18 16:13:04', 'YYYY-MM-DD HH24:MI:SS'));
INSERT INTO "TRADE_GNNT"."E_TRADEPROCESSLOG_H" VALUES ('130', '1508181000024', '60600000100', '60600000100', '支付货款,支付比例=60.000% 支付金额=450000.00', TO_DATE('2015-08-18 16:13:10', 'YYYY-MM-DD HH24:MI:SS'));
INSERT INTO "TRADE_GNNT"."E_TRADEPROCESSLOG_H" VALUES ('131', '1508181000024', '60600000100', '60600000100', '支付尾款,尾款金额=150000.00', TO_DATE('2015-08-18 16:13:14', 'YYYY-MM-DD HH24:MI:SS'));

-- ----------------------------
-- Table structure for E_TRADERIGHT
-- ----------------------------
DROP TABLE "TRADE_GNNT"."E_TRADERIGHT";
CREATE TABLE "TRADE_GNNT"."E_TRADERIGHT" (
"TRADERIGHTID" NUMBER(10) NOT NULL ,
"FIRMID" VARCHAR2(32 BYTE) NOT NULL ,
"BUYORDER" NUMBER(1) DEFAULT 1  NOT NULL ,
"SELLORDER" NUMBER(1) DEFAULT 1  NOT NULL ,
"BUYPICK" NUMBER(1) DEFAULT 1  NOT NULL ,
"SELLPICK" NUMBER(1) DEFAULT 1  NOT NULL ,
"ISPICKOFF" NUMBER(1) DEFAULT 1  NOT NULL ,
"BUYORDERAUDIT" NUMBER(1) DEFAULT 1  NOT NULL ,
"SELLORDERAUDIT" NUMBER(1) DEFAULT 1  NOT NULL ,
"SELLPLEDGEAUDIT" NUMBER(1) DEFAULT 1  NOT NULL 
)
LOGGING
NOCOMPRESS
NOCACHE

;
COMMENT ON COLUMN "TRADE_GNNT"."E_TRADERIGHT"."BUYORDER" IS '买挂牌权限：0 无权 1 有权';
COMMENT ON COLUMN "TRADE_GNNT"."E_TRADERIGHT"."SELLORDER" IS '卖挂牌';
COMMENT ON COLUMN "TRADE_GNNT"."E_TRADERIGHT"."BUYPICK" IS '买摘牌';
COMMENT ON COLUMN "TRADE_GNNT"."E_TRADERIGHT"."SELLPICK" IS '卖摘牌';
COMMENT ON COLUMN "TRADE_GNNT"."E_TRADERIGHT"."ISPICKOFF" IS '0 无权 1 有权';
COMMENT ON COLUMN "TRADE_GNNT"."E_TRADERIGHT"."BUYORDERAUDIT" IS '0：需要审核；1：不需要审核';
COMMENT ON COLUMN "TRADE_GNNT"."E_TRADERIGHT"."SELLORDERAUDIT" IS '0：需要审核；1：不需要审核';
COMMENT ON COLUMN "TRADE_GNNT"."E_TRADERIGHT"."SELLPLEDGEAUDIT" IS '0：需要审核；1：不需要审核';

-- ----------------------------
-- Records of E_TRADERIGHT
-- ----------------------------
INSERT INTO "TRADE_GNNT"."E_TRADERIGHT" VALUES ('1', '505000000000010', '1', '1', '1', '1', '1', '1', '1', '1');

-- ----------------------------
-- Table structure for E_TRADETIME
-- ----------------------------
DROP TABLE "TRADE_GNNT"."E_TRADETIME";
CREATE TABLE "TRADE_GNNT"."E_TRADETIME" (
"ID" NUMBER(10) DEFAULT 1  NOT NULL ,
"RESTWEEKDAY" VARCHAR2(32 BYTE) NULL ,
"HOLIDAY" VARCHAR2(1024 BYTE) NULL ,
"TRADESTARTTIME" VARCHAR2(16 BYTE) NOT NULL ,
"TRADEENDTIME" VARCHAR2(16 BYTE) NOT NULL 
)
LOGGING
NOCOMPRESS
NOCACHE

;
COMMENT ON TABLE "TRADE_GNNT"."E_TRADETIME" IS '运行时交易时间参数';
COMMENT ON COLUMN "TRADE_GNNT"."E_TRADETIME"."ID" IS 'ID';
COMMENT ON COLUMN "TRADE_GNNT"."E_TRADETIME"."RESTWEEKDAY" IS '逗号分隔的星期几，星期日：1，星期一：2，星期二：3，星期三：4，星期四：5，星期五：6，星期六：7';
COMMENT ON COLUMN "TRADE_GNNT"."E_TRADETIME"."HOLIDAY" IS '按逗号分隔，格式yyyy-MM-dd，指定非交易日。';
COMMENT ON COLUMN "TRADE_GNNT"."E_TRADETIME"."TRADESTARTTIME" IS 'hh24:mi:ss';
COMMENT ON COLUMN "TRADE_GNNT"."E_TRADETIME"."TRADEENDTIME" IS 'hh24:mi:ss';

-- ----------------------------
-- Records of E_TRADETIME
-- ----------------------------
INSERT INTO "TRADE_GNNT"."E_TRADETIME" VALUES ('1', null, null, '08:00:00', '20:00:00');

-- ----------------------------
-- Table structure for E_TRADETIME_RT
-- ----------------------------
DROP TABLE "TRADE_GNNT"."E_TRADETIME_RT";
CREATE TABLE "TRADE_GNNT"."E_TRADETIME_RT" (
"ID" NUMBER(10) DEFAULT 1  NOT NULL ,
"RESTWEEKDAY" VARCHAR2(32 BYTE) NULL ,
"HOLIDAY" VARCHAR2(1024 BYTE) NULL ,
"TRADESTARTTIME" VARCHAR2(16 BYTE) NOT NULL ,
"TRADEENDTIME" VARCHAR2(16 BYTE) NOT NULL 
)
LOGGING
NOCOMPRESS
NOCACHE

;
COMMENT ON TABLE "TRADE_GNNT"."E_TRADETIME_RT" IS '运行时交易时间参数（生效参数）
';
COMMENT ON COLUMN "TRADE_GNNT"."E_TRADETIME_RT"."ID" IS 'ID';
COMMENT ON COLUMN "TRADE_GNNT"."E_TRADETIME_RT"."RESTWEEKDAY" IS '逗号分隔的星期几，星期日：1，星期一：2，星期二：3，星期三：4，星期四：5，星期五：6，星期六：7';
COMMENT ON COLUMN "TRADE_GNNT"."E_TRADETIME_RT"."HOLIDAY" IS '按逗号分隔，格式yyyy-MM-dd，指定非交易日。';
COMMENT ON COLUMN "TRADE_GNNT"."E_TRADETIME_RT"."TRADESTARTTIME" IS 'hh24:mi:ss';
COMMENT ON COLUMN "TRADE_GNNT"."E_TRADETIME_RT"."TRADEENDTIME" IS 'hh24:mi:ss';

-- ----------------------------
-- Records of E_TRADETIME_RT
-- ----------------------------
INSERT INTO "TRADE_GNNT"."E_TRADETIME_RT" VALUES ('1', null, null, '08:00:00', '20:00:00');

-- ----------------------------
-- Indexes structure for table E_ARBITRATION
-- ----------------------------

-- ----------------------------
-- Checks structure for table E_ARBITRATION
-- ----------------------------
ALTER TABLE "TRADE_GNNT"."E_ARBITRATION" ADD CHECK ("ARBITRATIONID" IS NOT NULL);
ALTER TABLE "TRADE_GNNT"."E_ARBITRATION" ADD CHECK ("TRADENO" IS NOT NULL);
ALTER TABLE "TRADE_GNNT"."E_ARBITRATION" ADD CHECK ("TYPE" IS NOT NULL);
ALTER TABLE "TRADE_GNNT"."E_ARBITRATION" ADD CHECK ("RESULT" IS NOT NULL);

-- ----------------------------
-- Primary Key structure for table E_ARBITRATION
-- ----------------------------
ALTER TABLE "TRADE_GNNT"."E_ARBITRATION" ADD PRIMARY KEY ("ARBITRATIONID");

-- ----------------------------
-- Indexes structure for table E_BREACHAPPLY
-- ----------------------------

-- ----------------------------
-- Checks structure for table E_BREACHAPPLY
-- ----------------------------
ALTER TABLE "TRADE_GNNT"."E_BREACHAPPLY" ADD CHECK ("BREACHAPPLYID" IS NOT NULL);
ALTER TABLE "TRADE_GNNT"."E_BREACHAPPLY" ADD CHECK ("TRADENO" IS NOT NULL);
ALTER TABLE "TRADE_GNNT"."E_BREACHAPPLY" ADD CHECK ("FIRMID" IS NOT NULL);
ALTER TABLE "TRADE_GNNT"."E_BREACHAPPLY" ADD CHECK ("STATUS" IS NOT NULL);

-- ----------------------------
-- Primary Key structure for table E_BREACHAPPLY
-- ----------------------------
ALTER TABLE "TRADE_GNNT"."E_BREACHAPPLY" ADD PRIMARY KEY ("BREACHAPPLYID");

-- ----------------------------
-- Indexes structure for table E_DELIVERYFEE
-- ----------------------------

-- ----------------------------
-- Checks structure for table E_DELIVERYFEE
-- ----------------------------
ALTER TABLE "TRADE_GNNT"."E_DELIVERYFEE" ADD CHECK ("DELIVERYFEEID" IS NOT NULL);
ALTER TABLE "TRADE_GNNT"."E_DELIVERYFEE" ADD CHECK ("FEEMODE" IS NOT NULL);
ALTER TABLE "TRADE_GNNT"."E_DELIVERYFEE" ADD CHECK ("RATE" IS NOT NULL);

-- ----------------------------
-- Primary Key structure for table E_DELIVERYFEE
-- ----------------------------
ALTER TABLE "TRADE_GNNT"."E_DELIVERYFEE" ADD PRIMARY KEY ("DELIVERYFEEID");

-- ----------------------------
-- Indexes structure for table E_DELIVERYMARGIN
-- ----------------------------

-- ----------------------------
-- Checks structure for table E_DELIVERYMARGIN
-- ----------------------------
ALTER TABLE "TRADE_GNNT"."E_DELIVERYMARGIN" ADD CHECK ("DELIVERYMARGINID" IS NOT NULL);
ALTER TABLE "TRADE_GNNT"."E_DELIVERYMARGIN" ADD CHECK ("MARGINMODE" IS NOT NULL);
ALTER TABLE "TRADE_GNNT"."E_DELIVERYMARGIN" ADD CHECK ("RATE" IS NOT NULL);

-- ----------------------------
-- Primary Key structure for table E_DELIVERYMARGIN
-- ----------------------------
ALTER TABLE "TRADE_GNNT"."E_DELIVERYMARGIN" ADD PRIMARY KEY ("DELIVERYMARGINID");

-- ----------------------------
-- Indexes structure for table E_ENDTRADEAPPLY
-- ----------------------------

-- ----------------------------
-- Checks structure for table E_ENDTRADEAPPLY
-- ----------------------------
ALTER TABLE "TRADE_GNNT"."E_ENDTRADEAPPLY" ADD CHECK ("APPLYID" IS NOT NULL);
ALTER TABLE "TRADE_GNNT"."E_ENDTRADEAPPLY" ADD CHECK ("TRADENO" IS NOT NULL);
ALTER TABLE "TRADE_GNNT"."E_ENDTRADEAPPLY" ADD CHECK ("FIRMID" IS NOT NULL);
ALTER TABLE "TRADE_GNNT"."E_ENDTRADEAPPLY" ADD CHECK ("STATUS" IS NOT NULL);

-- ----------------------------
-- Primary Key structure for table E_ENDTRADEAPPLY
-- ----------------------------
ALTER TABLE "TRADE_GNNT"."E_ENDTRADEAPPLY" ADD PRIMARY KEY ("APPLYID");

-- ----------------------------
-- Indexes structure for table E_FIRM
-- ----------------------------

-- ----------------------------
-- Checks structure for table E_FIRM
-- ----------------------------
ALTER TABLE "TRADE_GNNT"."E_FIRM" ADD CHECK ("FIRMID" IS NOT NULL);
ALTER TABLE "TRADE_GNNT"."E_FIRM" ADD CHECK ("FIRMLEVEL" IS NOT NULL);

-- ----------------------------
-- Primary Key structure for table E_FIRM
-- ----------------------------
ALTER TABLE "TRADE_GNNT"."E_FIRM" ADD PRIMARY KEY ("FIRMID");

-- ----------------------------
-- Indexes structure for table E_FIRMINFO
-- ----------------------------

-- ----------------------------
-- Checks structure for table E_FIRMINFO
-- ----------------------------
ALTER TABLE "TRADE_GNNT"."E_FIRMINFO" ADD CHECK ("FIRMID" IS NOT NULL);

-- ----------------------------
-- Primary Key structure for table E_FIRMINFO
-- ----------------------------
ALTER TABLE "TRADE_GNNT"."E_FIRMINFO" ADD PRIMARY KEY ("FIRMID");

-- ----------------------------
-- Indexes structure for table E_FUNDS
-- ----------------------------

-- ----------------------------
-- Checks structure for table E_FUNDS
-- ----------------------------
ALTER TABLE "TRADE_GNNT"."E_FUNDS" ADD CHECK ("FIRMID" IS NOT NULL);

-- ----------------------------
-- Primary Key structure for table E_FUNDS
-- ----------------------------
ALTER TABLE "TRADE_GNNT"."E_FUNDS" ADD PRIMARY KEY ("FIRMID");

-- ----------------------------
-- Indexes structure for table E_GOODSMONEYAPPLY
-- ----------------------------

-- ----------------------------
-- Checks structure for table E_GOODSMONEYAPPLY
-- ----------------------------
ALTER TABLE "TRADE_GNNT"."E_GOODSMONEYAPPLY" ADD CHECK ("ID" IS NOT NULL);
ALTER TABLE "TRADE_GNNT"."E_GOODSMONEYAPPLY" ADD CHECK ("TRADENO" IS NOT NULL);
ALTER TABLE "TRADE_GNNT"."E_GOODSMONEYAPPLY" ADD CHECK ("TYPE" IS NOT NULL);
ALTER TABLE "TRADE_GNNT"."E_GOODSMONEYAPPLY" ADD CHECK ("STATUS" IS NOT NULL);
ALTER TABLE "TRADE_GNNT"."E_GOODSMONEYAPPLY" ADD CHECK ("CREATETIME" IS NOT NULL);

-- ----------------------------
-- Primary Key structure for table E_GOODSMONEYAPPLY
-- ----------------------------
ALTER TABLE "TRADE_GNNT"."E_GOODSMONEYAPPLY" ADD PRIMARY KEY ("ID");

-- ----------------------------
-- Checks structure for table E_GOODSMONEYAPPLY_H
-- ----------------------------
ALTER TABLE "TRADE_GNNT"."E_GOODSMONEYAPPLY_H" ADD CHECK ("ID" IS NOT NULL);
ALTER TABLE "TRADE_GNNT"."E_GOODSMONEYAPPLY_H" ADD CHECK ("TRADENO" IS NOT NULL);
ALTER TABLE "TRADE_GNNT"."E_GOODSMONEYAPPLY_H" ADD CHECK ("STATUS" IS NOT NULL);
ALTER TABLE "TRADE_GNNT"."E_GOODSMONEYAPPLY_H" ADD CHECK ("CREATETIME" IS NOT NULL);

-- ----------------------------
-- Indexes structure for table E_GOODSPROPERTY
-- ----------------------------

-- ----------------------------
-- Checks structure for table E_GOODSPROPERTY
-- ----------------------------
ALTER TABLE "TRADE_GNNT"."E_GOODSPROPERTY" ADD CHECK ("ORDERID" IS NOT NULL);
ALTER TABLE "TRADE_GNNT"."E_GOODSPROPERTY" ADD CHECK ("PROPERTYNAME" IS NOT NULL);
ALTER TABLE "TRADE_GNNT"."E_GOODSPROPERTY" ADD CHECK ("PROPERTYTYPEID" IS NOT NULL);

-- ----------------------------
-- Primary Key structure for table E_GOODSPROPERTY
-- ----------------------------
ALTER TABLE "TRADE_GNNT"."E_GOODSPROPERTY" ADD PRIMARY KEY ("ORDERID", "PROPERTYNAME");

-- ----------------------------
-- Indexes structure for table E_GOODSPROPERTY_H
-- ----------------------------

-- ----------------------------
-- Checks structure for table E_GOODSPROPERTY_H
-- ----------------------------
ALTER TABLE "TRADE_GNNT"."E_GOODSPROPERTY_H" ADD CHECK ("PROPERTYNAME" IS NOT NULL);
ALTER TABLE "TRADE_GNNT"."E_GOODSPROPERTY_H" ADD CHECK ("ORDERID" IS NOT NULL);
ALTER TABLE "TRADE_GNNT"."E_GOODSPROPERTY_H" ADD CHECK ("PROPERTYTYPEID" IS NOT NULL);

-- ----------------------------
-- Primary Key structure for table E_GOODSPROPERTY_H
-- ----------------------------
ALTER TABLE "TRADE_GNNT"."E_GOODSPROPERTY_H" ADD PRIMARY KEY ("PROPERTYNAME", "ORDERID");

-- ----------------------------
-- Indexes structure for table E_GOODSRESOURCE
-- ----------------------------

-- ----------------------------
-- Checks structure for table E_GOODSRESOURCE
-- ----------------------------
ALTER TABLE "TRADE_GNNT"."E_GOODSRESOURCE" ADD CHECK ("RESOURCEID" IS NOT NULL);
ALTER TABLE "TRADE_GNNT"."E_GOODSRESOURCE" ADD CHECK ("ORDERTITLE" IS NOT NULL);
ALTER TABLE "TRADE_GNNT"."E_GOODSRESOURCE" ADD CHECK ("BREEDID" IS NOT NULL);
ALTER TABLE "TRADE_GNNT"."E_GOODSRESOURCE" ADD CHECK ("CATEGORYID" IS NOT NULL);
ALTER TABLE "TRADE_GNNT"."E_GOODSRESOURCE" ADD CHECK ("BSFLAG" IS NOT NULL);
ALTER TABLE "TRADE_GNNT"."E_GOODSRESOURCE" ADD CHECK ("FIRMID" IS NOT NULL);
ALTER TABLE "TRADE_GNNT"."E_GOODSRESOURCE" ADD CHECK ("PRICE" IS NOT NULL);
ALTER TABLE "TRADE_GNNT"."E_GOODSRESOURCE" ADD CHECK ("QUANTITY" IS NOT NULL);
ALTER TABLE "TRADE_GNNT"."E_GOODSRESOURCE" ADD CHECK ("UNIT" IS NOT NULL);
ALTER TABLE "TRADE_GNNT"."E_GOODSRESOURCE" ADD CHECK ("TRADEPRETIME" IS NOT NULL);
ALTER TABLE "TRADE_GNNT"."E_GOODSRESOURCE" ADD CHECK ("TRADEMARGIN_B" IS NOT NULL);
ALTER TABLE "TRADE_GNNT"."E_GOODSRESOURCE" ADD CHECK ("TRADEMARGIN_S" IS NOT NULL);
ALTER TABLE "TRADE_GNNT"."E_GOODSRESOURCE" ADD CHECK ("DELIVERYDAYTYPE" IS NOT NULL);
ALTER TABLE "TRADE_GNNT"."E_GOODSRESOURCE" ADD CHECK ("DELIVERYMARGIN_B" IS NOT NULL);
ALTER TABLE "TRADE_GNNT"."E_GOODSRESOURCE" ADD CHECK ("DELIVERYMARGIN_S" IS NOT NULL);
ALTER TABLE "TRADE_GNNT"."E_GOODSRESOURCE" ADD CHECK ("VALIDTIME" IS NOT NULL);
ALTER TABLE "TRADE_GNNT"."E_GOODSRESOURCE" ADD CHECK ("TRADETYPE" IS NOT NULL);
ALTER TABLE "TRADE_GNNT"."E_GOODSRESOURCE" ADD CHECK ("ISORDERED" IS NOT NULL);

-- ----------------------------
-- Primary Key structure for table E_GOODSRESOURCE
-- ----------------------------
ALTER TABLE "TRADE_GNNT"."E_GOODSRESOURCE" ADD PRIMARY KEY ("RESOURCEID");

-- ----------------------------
-- Indexes structure for table E_GOODSRESOURCEPIC
-- ----------------------------

-- ----------------------------
-- Checks structure for table E_GOODSRESOURCEPIC
-- ----------------------------
ALTER TABLE "TRADE_GNNT"."E_GOODSRESOURCEPIC" ADD CHECK ("ID" IS NOT NULL);
ALTER TABLE "TRADE_GNNT"."E_GOODSRESOURCEPIC" ADD CHECK ("RESOURCEID" IS NOT NULL);
ALTER TABLE "TRADE_GNNT"."E_GOODSRESOURCEPIC" ADD CHECK ("PICTURE" IS NOT NULL);

-- ----------------------------
-- Primary Key structure for table E_GOODSRESOURCEPIC
-- ----------------------------
ALTER TABLE "TRADE_GNNT"."E_GOODSRESOURCEPIC" ADD PRIMARY KEY ("ID");

-- ----------------------------
-- Indexes structure for table E_GOODSRESOURCEPROPERTY
-- ----------------------------

-- ----------------------------
-- Checks structure for table E_GOODSRESOURCEPROPERTY
-- ----------------------------
ALTER TABLE "TRADE_GNNT"."E_GOODSRESOURCEPROPERTY" ADD CHECK ("RESOURCEID" IS NOT NULL);
ALTER TABLE "TRADE_GNNT"."E_GOODSRESOURCEPROPERTY" ADD CHECK ("PROPERTYNAME" IS NOT NULL);
ALTER TABLE "TRADE_GNNT"."E_GOODSRESOURCEPROPERTY" ADD CHECK ("PROPERTYTYPEID" IS NOT NULL);

-- ----------------------------
-- Primary Key structure for table E_GOODSRESOURCEPROPERTY
-- ----------------------------
ALTER TABLE "TRADE_GNNT"."E_GOODSRESOURCEPROPERTY" ADD PRIMARY KEY ("RESOURCEID", "PROPERTYNAME");

-- ----------------------------
-- Indexes structure for table E_GOODSTEMPLATE
-- ----------------------------

-- ----------------------------
-- Checks structure for table E_GOODSTEMPLATE
-- ----------------------------
ALTER TABLE "TRADE_GNNT"."E_GOODSTEMPLATE" ADD CHECK ("TEMPLATEID" IS NOT NULL);
ALTER TABLE "TRADE_GNNT"."E_GOODSTEMPLATE" ADD CHECK ("BREEDID" IS NOT NULL);
ALTER TABLE "TRADE_GNNT"."E_GOODSTEMPLATE" ADD CHECK ("CATEGORYID" IS NOT NULL);
ALTER TABLE "TRADE_GNNT"."E_GOODSTEMPLATE" ADD CHECK ("BSFLAG" IS NOT NULL);
ALTER TABLE "TRADE_GNNT"."E_GOODSTEMPLATE" ADD CHECK ("UNIT" IS NOT NULL);
ALTER TABLE "TRADE_GNNT"."E_GOODSTEMPLATE" ADD CHECK ("TRADETYPE" IS NOT NULL);
ALTER TABLE "TRADE_GNNT"."E_GOODSTEMPLATE" ADD CHECK ("BELONGTOUSER" IS NOT NULL);

-- ----------------------------
-- Primary Key structure for table E_GOODSTEMPLATE
-- ----------------------------
ALTER TABLE "TRADE_GNNT"."E_GOODSTEMPLATE" ADD PRIMARY KEY ("TEMPLATEID");

-- ----------------------------
-- Indexes structure for table E_GOODSTEMPLATEPROPERTY
-- ----------------------------

-- ----------------------------
-- Checks structure for table E_GOODSTEMPLATEPROPERTY
-- ----------------------------
ALTER TABLE "TRADE_GNNT"."E_GOODSTEMPLATEPROPERTY" ADD CHECK ("PROPERTYNAME" IS NOT NULL);
ALTER TABLE "TRADE_GNNT"."E_GOODSTEMPLATEPROPERTY" ADD CHECK ("TEMPLATEID" IS NOT NULL);
ALTER TABLE "TRADE_GNNT"."E_GOODSTEMPLATEPROPERTY" ADD CHECK ("PROPERTYTYPEID" IS NOT NULL);

-- ----------------------------
-- Primary Key structure for table E_GOODSTEMPLATEPROPERTY
-- ----------------------------
ALTER TABLE "TRADE_GNNT"."E_GOODSTEMPLATEPROPERTY" ADD PRIMARY KEY ("PROPERTYNAME", "TEMPLATEID");

-- ----------------------------
-- Indexes structure for table E_HOLDING
-- ----------------------------

-- ----------------------------
-- Checks structure for table E_HOLDING
-- ----------------------------
ALTER TABLE "TRADE_GNNT"."E_HOLDING" ADD CHECK ("HOLDINGID" IS NOT NULL);
ALTER TABLE "TRADE_GNNT"."E_HOLDING" ADD CHECK ("TRADENO" IS NOT NULL);
ALTER TABLE "TRADE_GNNT"."E_HOLDING" ADD CHECK ("FIRMID" IS NOT NULL);
ALTER TABLE "TRADE_GNNT"."E_HOLDING" ADD CHECK ("BSFLAG" IS NOT NULL);
ALTER TABLE "TRADE_GNNT"."E_HOLDING" ADD CHECK ("BREACHAPPLYID" IS NOT NULL);
ALTER TABLE "TRADE_GNNT"."E_HOLDING" ADD CHECK ("OFFSETID" IS NOT NULL);

-- ----------------------------
-- Primary Key structure for table E_HOLDING
-- ----------------------------
ALTER TABLE "TRADE_GNNT"."E_HOLDING" ADD PRIMARY KEY ("HOLDINGID");

-- ----------------------------
-- Indexes structure for table E_HOLDING_H
-- ----------------------------

-- ----------------------------
-- Checks structure for table E_HOLDING_H
-- ----------------------------
ALTER TABLE "TRADE_GNNT"."E_HOLDING_H" ADD CHECK ("HOLDINGID" IS NOT NULL);
ALTER TABLE "TRADE_GNNT"."E_HOLDING_H" ADD CHECK ("TRADENO" IS NOT NULL);
ALTER TABLE "TRADE_GNNT"."E_HOLDING_H" ADD CHECK ("FIRMID" IS NOT NULL);
ALTER TABLE "TRADE_GNNT"."E_HOLDING_H" ADD CHECK ("BSFLAG" IS NOT NULL);
ALTER TABLE "TRADE_GNNT"."E_HOLDING_H" ADD CHECK ("BREACHAPPLYID" IS NOT NULL);
ALTER TABLE "TRADE_GNNT"."E_HOLDING_H" ADD CHECK ("OFFSETID" IS NOT NULL);

-- ----------------------------
-- Primary Key structure for table E_HOLDING_H
-- ----------------------------
ALTER TABLE "TRADE_GNNT"."E_HOLDING_H" ADD PRIMARY KEY ("HOLDINGID");

-- ----------------------------
-- Indexes structure for table E_MARKET
-- ----------------------------

-- ----------------------------
-- Checks structure for table E_MARKET
-- ----------------------------
ALTER TABLE "TRADE_GNNT"."E_MARKET" ADD CHECK ("MARKETNAME" IS NOT NULL);
ALTER TABLE "TRADE_GNNT"."E_MARKET" ADD CHECK ("TRADEDATE" IS NOT NULL);
ALTER TABLE "TRADE_GNNT"."E_MARKET" ADD CHECK ("RUNMODE" IS NOT NULL);
ALTER TABLE "TRADE_GNNT"."E_MARKET" ADD CHECK ("STATUS" IS NOT NULL);

-- ----------------------------
-- Primary Key structure for table E_MARKET
-- ----------------------------
ALTER TABLE "TRADE_GNNT"."E_MARKET" ADD PRIMARY KEY ("MARKETNAME");

-- ----------------------------
-- Indexes structure for table E_NOOFFSET
-- ----------------------------

-- ----------------------------
-- Checks structure for table E_NOOFFSET
-- ----------------------------
ALTER TABLE "TRADE_GNNT"."E_NOOFFSET" ADD CHECK ("ID" IS NOT NULL);
ALTER TABLE "TRADE_GNNT"."E_NOOFFSET" ADD CHECK ("TRADENO" IS NOT NULL);
ALTER TABLE "TRADE_GNNT"."E_NOOFFSET" ADD CHECK ("CREATETIME" IS NOT NULL);

-- ----------------------------
-- Primary Key structure for table E_NOOFFSET
-- ----------------------------
ALTER TABLE "TRADE_GNNT"."E_NOOFFSET" ADD PRIMARY KEY ("ID");

-- ----------------------------
-- Indexes structure for table E_NOOFFSET_H
-- ----------------------------

-- ----------------------------
-- Checks structure for table E_NOOFFSET_H
-- ----------------------------
ALTER TABLE "TRADE_GNNT"."E_NOOFFSET_H" ADD CHECK ("ID" IS NOT NULL);
ALTER TABLE "TRADE_GNNT"."E_NOOFFSET_H" ADD CHECK ("TRADENO" IS NOT NULL);
ALTER TABLE "TRADE_GNNT"."E_NOOFFSET_H" ADD CHECK ("CREATETIME" IS NOT NULL);

-- ----------------------------
-- Primary Key structure for table E_NOOFFSET_H
-- ----------------------------
ALTER TABLE "TRADE_GNNT"."E_NOOFFSET_H" ADD PRIMARY KEY ("ID");

-- ----------------------------
-- Indexes structure for table E_OFFSET
-- ----------------------------

-- ----------------------------
-- Checks structure for table E_OFFSET
-- ----------------------------
ALTER TABLE "TRADE_GNNT"."E_OFFSET" ADD CHECK ("OFFSETID" IS NOT NULL);
ALTER TABLE "TRADE_GNNT"."E_OFFSET" ADD CHECK ("TRADENO" IS NOT NULL);
ALTER TABLE "TRADE_GNNT"."E_OFFSET" ADD CHECK ("FIRMID" IS NOT NULL);
ALTER TABLE "TRADE_GNNT"."E_OFFSET" ADD CHECK ("OFFSET" IS NOT NULL);
ALTER TABLE "TRADE_GNNT"."E_OFFSET" ADD CHECK ("STATUS" IS NOT NULL);

-- ----------------------------
-- Primary Key structure for table E_OFFSET
-- ----------------------------
ALTER TABLE "TRADE_GNNT"."E_OFFSET" ADD PRIMARY KEY ("OFFSETID");

-- ----------------------------
-- Indexes structure for table E_ORDER
-- ----------------------------

-- ----------------------------
-- Checks structure for table E_ORDER
-- ----------------------------
ALTER TABLE "TRADE_GNNT"."E_ORDER" ADD CHECK ("ORDERID" IS NOT NULL);
ALTER TABLE "TRADE_GNNT"."E_ORDER" ADD CHECK ("ORDERTITLE" IS NOT NULL);
ALTER TABLE "TRADE_GNNT"."E_ORDER" ADD CHECK ("BREEDID" IS NOT NULL);
ALTER TABLE "TRADE_GNNT"."E_ORDER" ADD CHECK ("CATEGORYID" IS NOT NULL);
ALTER TABLE "TRADE_GNNT"."E_ORDER" ADD CHECK ("BSFLAG" IS NOT NULL);
ALTER TABLE "TRADE_GNNT"."E_ORDER" ADD CHECK ("FIRMID" IS NOT NULL);
ALTER TABLE "TRADE_GNNT"."E_ORDER" ADD CHECK ("PRICE" IS NOT NULL);
ALTER TABLE "TRADE_GNNT"."E_ORDER" ADD CHECK ("QUANTITY" IS NOT NULL);
ALTER TABLE "TRADE_GNNT"."E_ORDER" ADD CHECK ("UNIT" IS NOT NULL);
ALTER TABLE "TRADE_GNNT"."E_ORDER" ADD CHECK ("TRADEPRETIME" IS NOT NULL);
ALTER TABLE "TRADE_GNNT"."E_ORDER" ADD CHECK ("TRADEMARGIN_B" IS NOT NULL);
ALTER TABLE "TRADE_GNNT"."E_ORDER" ADD CHECK ("TRADEMARGIN_S" IS NOT NULL);
ALTER TABLE "TRADE_GNNT"."E_ORDER" ADD CHECK ("DELIVERYDAYTYPE" IS NOT NULL);
ALTER TABLE "TRADE_GNNT"."E_ORDER" ADD CHECK ("DELIVERYMARGIN_B" IS NOT NULL);
ALTER TABLE "TRADE_GNNT"."E_ORDER" ADD CHECK ("DELIVERYMARGIN_S" IS NOT NULL);
ALTER TABLE "TRADE_GNNT"."E_ORDER" ADD CHECK ("STATUS" IS NOT NULL);
ALTER TABLE "TRADE_GNNT"."E_ORDER" ADD CHECK ("TRADEDQTY" IS NOT NULL);
ALTER TABLE "TRADE_GNNT"."E_ORDER" ADD CHECK ("TRADETYPE" IS NOT NULL);
ALTER TABLE "TRADE_GNNT"."E_ORDER" ADD CHECK ("VALIDTIME" IS NOT NULL);
ALTER TABLE "TRADE_GNNT"."E_ORDER" ADD CHECK ("PLEDGEFLAG" IS NOT NULL);
ALTER TABLE "TRADE_GNNT"."E_ORDER" ADD CHECK ("MINTRADEQTY" IS NOT NULL);
ALTER TABLE "TRADE_GNNT"."E_ORDER" ADD CHECK ("ISPAYMARGIN" IS NOT NULL);

-- ----------------------------
-- Primary Key structure for table E_ORDER
-- ----------------------------
ALTER TABLE "TRADE_GNNT"."E_ORDER" ADD PRIMARY KEY ("ORDERID");

-- ----------------------------
-- Indexes structure for table E_ORDER_H
-- ----------------------------

-- ----------------------------
-- Checks structure for table E_ORDER_H
-- ----------------------------
ALTER TABLE "TRADE_GNNT"."E_ORDER_H" ADD CHECK ("ORDERID" IS NOT NULL);
ALTER TABLE "TRADE_GNNT"."E_ORDER_H" ADD CHECK ("ORDERTITLE" IS NOT NULL);
ALTER TABLE "TRADE_GNNT"."E_ORDER_H" ADD CHECK ("BREEDID" IS NOT NULL);
ALTER TABLE "TRADE_GNNT"."E_ORDER_H" ADD CHECK ("CATEGORYID" IS NOT NULL);
ALTER TABLE "TRADE_GNNT"."E_ORDER_H" ADD CHECK ("BSFLAG" IS NOT NULL);
ALTER TABLE "TRADE_GNNT"."E_ORDER_H" ADD CHECK ("FIRMID" IS NOT NULL);
ALTER TABLE "TRADE_GNNT"."E_ORDER_H" ADD CHECK ("PRICE" IS NOT NULL);
ALTER TABLE "TRADE_GNNT"."E_ORDER_H" ADD CHECK ("QUANTITY" IS NOT NULL);
ALTER TABLE "TRADE_GNNT"."E_ORDER_H" ADD CHECK ("UNIT" IS NOT NULL);
ALTER TABLE "TRADE_GNNT"."E_ORDER_H" ADD CHECK ("TRADEPRETIME" IS NOT NULL);
ALTER TABLE "TRADE_GNNT"."E_ORDER_H" ADD CHECK ("TRADEMARGIN_B" IS NOT NULL);
ALTER TABLE "TRADE_GNNT"."E_ORDER_H" ADD CHECK ("TRADEMARGIN_S" IS NOT NULL);
ALTER TABLE "TRADE_GNNT"."E_ORDER_H" ADD CHECK ("DELIVERYDAYTYPE" IS NOT NULL);
ALTER TABLE "TRADE_GNNT"."E_ORDER_H" ADD CHECK ("DELIVERYMARGIN_B" IS NOT NULL);
ALTER TABLE "TRADE_GNNT"."E_ORDER_H" ADD CHECK ("DELIVERYMARGIN_S" IS NOT NULL);
ALTER TABLE "TRADE_GNNT"."E_ORDER_H" ADD CHECK ("STATUS" IS NOT NULL);
ALTER TABLE "TRADE_GNNT"."E_ORDER_H" ADD CHECK ("TRADEDQTY" IS NOT NULL);
ALTER TABLE "TRADE_GNNT"."E_ORDER_H" ADD CHECK ("TRADETYPE" IS NOT NULL);
ALTER TABLE "TRADE_GNNT"."E_ORDER_H" ADD CHECK ("VALIDTIME" IS NOT NULL);
ALTER TABLE "TRADE_GNNT"."E_ORDER_H" ADD CHECK ("PLEDGEFLAG" IS NOT NULL);
ALTER TABLE "TRADE_GNNT"."E_ORDER_H" ADD CHECK ("MINTRADEQTY" IS NOT NULL);
ALTER TABLE "TRADE_GNNT"."E_ORDER_H" ADD CHECK ("ISPAYMARGIN" IS NOT NULL);

-- ----------------------------
-- Primary Key structure for table E_ORDER_H
-- ----------------------------
ALTER TABLE "TRADE_GNNT"."E_ORDER_H" ADD PRIMARY KEY ("ORDERID");

-- ----------------------------
-- Indexes structure for table E_ORDERPIC
-- ----------------------------

-- ----------------------------
-- Checks structure for table E_ORDERPIC
-- ----------------------------
ALTER TABLE "TRADE_GNNT"."E_ORDERPIC" ADD CHECK ("ID" IS NOT NULL);
ALTER TABLE "TRADE_GNNT"."E_ORDERPIC" ADD CHECK ("ORDERID" IS NOT NULL);
ALTER TABLE "TRADE_GNNT"."E_ORDERPIC" ADD CHECK ("PICTURE" IS NOT NULL);

-- ----------------------------
-- Primary Key structure for table E_ORDERPIC
-- ----------------------------
ALTER TABLE "TRADE_GNNT"."E_ORDERPIC" ADD PRIMARY KEY ("ID");

-- ----------------------------
-- Checks structure for table E_ORDERPIC_H
-- ----------------------------
ALTER TABLE "TRADE_GNNT"."E_ORDERPIC_H" ADD CHECK ("ID" IS NOT NULL);
ALTER TABLE "TRADE_GNNT"."E_ORDERPIC_H" ADD CHECK ("ORDERID" IS NOT NULL);
ALTER TABLE "TRADE_GNNT"."E_ORDERPIC_H" ADD CHECK ("PICTURE" IS NOT NULL);

-- ----------------------------
-- Indexes structure for table E_RECOMMENDSHOP
-- ----------------------------

-- ----------------------------
-- Checks structure for table E_RECOMMENDSHOP
-- ----------------------------
ALTER TABLE "TRADE_GNNT"."E_RECOMMENDSHOP" ADD CHECK ("FIRMID" IS NOT NULL);
ALTER TABLE "TRADE_GNNT"."E_RECOMMENDSHOP" ADD CHECK ("NUM" IS NOT NULL);

-- ----------------------------
-- Primary Key structure for table E_RECOMMENDSHOP
-- ----------------------------
ALTER TABLE "TRADE_GNNT"."E_RECOMMENDSHOP" ADD PRIMARY KEY ("FIRMID");

-- ----------------------------
-- Indexes structure for table E_RESERVE
-- ----------------------------

-- ----------------------------
-- Checks structure for table E_RESERVE
-- ----------------------------
ALTER TABLE "TRADE_GNNT"."E_RESERVE" ADD CHECK ("RESERVEID" IS NOT NULL);
ALTER TABLE "TRADE_GNNT"."E_RESERVE" ADD CHECK ("TRADENO" IS NOT NULL);
ALTER TABLE "TRADE_GNNT"."E_RESERVE" ADD CHECK ("FIRMID" IS NOT NULL);
ALTER TABLE "TRADE_GNNT"."E_RESERVE" ADD CHECK ("BSFLAG" IS NOT NULL);
ALTER TABLE "TRADE_GNNT"."E_RESERVE" ADD CHECK ("BREACHAPPLYID" IS NOT NULL);

-- ----------------------------
-- Primary Key structure for table E_RESERVE
-- ----------------------------
ALTER TABLE "TRADE_GNNT"."E_RESERVE" ADD PRIMARY KEY ("RESERVEID");

-- ----------------------------
-- Indexes structure for table E_RESERVE_H
-- ----------------------------

-- ----------------------------
-- Checks structure for table E_RESERVE_H
-- ----------------------------
ALTER TABLE "TRADE_GNNT"."E_RESERVE_H" ADD CHECK ("RESERVEID" IS NOT NULL);
ALTER TABLE "TRADE_GNNT"."E_RESERVE_H" ADD CHECK ("TRADENO" IS NOT NULL);
ALTER TABLE "TRADE_GNNT"."E_RESERVE_H" ADD CHECK ("FIRMID" IS NOT NULL);
ALTER TABLE "TRADE_GNNT"."E_RESERVE_H" ADD CHECK ("BSFLAG" IS NOT NULL);
ALTER TABLE "TRADE_GNNT"."E_RESERVE_H" ADD CHECK ("BREACHAPPLYID" IS NOT NULL);

-- ----------------------------
-- Primary Key structure for table E_RESERVE_H
-- ----------------------------
ALTER TABLE "TRADE_GNNT"."E_RESERVE_H" ADD PRIMARY KEY ("RESERVEID");

-- ----------------------------
-- Indexes structure for table E_SHOP
-- ----------------------------

-- ----------------------------
-- Checks structure for table E_SHOP
-- ----------------------------
ALTER TABLE "TRADE_GNNT"."E_SHOP" ADD CHECK ("FIRMID" IS NOT NULL);
ALTER TABLE "TRADE_GNNT"."E_SHOP" ADD CHECK ("SHOPNAME" IS NOT NULL);
ALTER TABLE "TRADE_GNNT"."E_SHOP" ADD CHECK ("SHOPLEVEL" IS NOT NULL);

-- ----------------------------
-- Primary Key structure for table E_SHOP
-- ----------------------------
ALTER TABLE "TRADE_GNNT"."E_SHOP" ADD PRIMARY KEY ("FIRMID");

-- ----------------------------
-- Indexes structure for table E_SUBORDER
-- ----------------------------

-- ----------------------------
-- Checks structure for table E_SUBORDER
-- ----------------------------
ALTER TABLE "TRADE_GNNT"."E_SUBORDER" ADD CHECK ("SUBORDERID" IS NOT NULL);
ALTER TABLE "TRADE_GNNT"."E_SUBORDER" ADD CHECK ("SUBFIRMID" IS NOT NULL);
ALTER TABLE "TRADE_GNNT"."E_SUBORDER" ADD CHECK ("QUANTITY" IS NOT NULL);
ALTER TABLE "TRADE_GNNT"."E_SUBORDER" ADD CHECK ("STATUS" IS NOT NULL);

-- ----------------------------
-- Primary Key structure for table E_SUBORDER
-- ----------------------------
ALTER TABLE "TRADE_GNNT"."E_SUBORDER" ADD PRIMARY KEY ("SUBORDERID");

-- ----------------------------
-- Indexes structure for table E_SUBORDER_H
-- ----------------------------

-- ----------------------------
-- Checks structure for table E_SUBORDER_H
-- ----------------------------
ALTER TABLE "TRADE_GNNT"."E_SUBORDER_H" ADD CHECK ("SUBORDERID" IS NOT NULL);
ALTER TABLE "TRADE_GNNT"."E_SUBORDER_H" ADD CHECK ("ORDERID" IS NOT NULL);
ALTER TABLE "TRADE_GNNT"."E_SUBORDER_H" ADD CHECK ("SUBFIRMID" IS NOT NULL);
ALTER TABLE "TRADE_GNNT"."E_SUBORDER_H" ADD CHECK ("QUANTITY" IS NOT NULL);
ALTER TABLE "TRADE_GNNT"."E_SUBORDER_H" ADD CHECK ("STATUS" IS NOT NULL);

-- ----------------------------
-- Primary Key structure for table E_SUBORDER_H
-- ----------------------------
ALTER TABLE "TRADE_GNNT"."E_SUBORDER_H" ADD PRIMARY KEY ("SUBORDERID", "ORDERID");

-- ----------------------------
-- Indexes structure for table E_SUBSCRIPTIONFLOW
-- ----------------------------

-- ----------------------------
-- Checks structure for table E_SUBSCRIPTIONFLOW
-- ----------------------------
ALTER TABLE "TRADE_GNNT"."E_SUBSCRIPTIONFLOW" ADD CHECK ("FLOWID" IS NOT NULL);
ALTER TABLE "TRADE_GNNT"."E_SUBSCRIPTIONFLOW" ADD CHECK ("OPRCODE" IS NOT NULL);
ALTER TABLE "TRADE_GNNT"."E_SUBSCRIPTIONFLOW" ADD CHECK ("FIRMID" IS NOT NULL);
ALTER TABLE "TRADE_GNNT"."E_SUBSCRIPTIONFLOW" ADD CHECK ("AMOUNT" IS NOT NULL);
ALTER TABLE "TRADE_GNNT"."E_SUBSCRIPTIONFLOW" ADD CHECK ("BALANCE" IS NOT NULL);
ALTER TABLE "TRADE_GNNT"."E_SUBSCRIPTIONFLOW" ADD CHECK ("CREATETIME" IS NOT NULL);

-- ----------------------------
-- Primary Key structure for table E_SUBSCRIPTIONFLOW
-- ----------------------------
ALTER TABLE "TRADE_GNNT"."E_SUBSCRIPTIONFLOW" ADD PRIMARY KEY ("FLOWID");

-- ----------------------------
-- Indexes structure for table E_SYSTEMPROPS
-- ----------------------------

-- ----------------------------
-- Checks structure for table E_SYSTEMPROPS
-- ----------------------------
ALTER TABLE "TRADE_GNNT"."E_SYSTEMPROPS" ADD CHECK ("KEY" IS NOT NULL);
ALTER TABLE "TRADE_GNNT"."E_SYSTEMPROPS" ADD CHECK ("VALUE" IS NOT NULL);

-- ----------------------------
-- Primary Key structure for table E_SYSTEMPROPS
-- ----------------------------
ALTER TABLE "TRADE_GNNT"."E_SYSTEMPROPS" ADD PRIMARY KEY ("KEY");

-- ----------------------------
-- Indexes structure for table E_TRADE
-- ----------------------------

-- ----------------------------
-- Checks structure for table E_TRADE
-- ----------------------------
ALTER TABLE "TRADE_GNNT"."E_TRADE" ADD CHECK ("TRADENO" IS NOT NULL);
ALTER TABLE "TRADE_GNNT"."E_TRADE" ADD CHECK ("ORDERTITLE" IS NOT NULL);
ALTER TABLE "TRADE_GNNT"."E_TRADE" ADD CHECK ("BREEDID" IS NOT NULL);
ALTER TABLE "TRADE_GNNT"."E_TRADE" ADD CHECK ("BFIRMID" IS NOT NULL);
ALTER TABLE "TRADE_GNNT"."E_TRADE" ADD CHECK ("SFIRMID" IS NOT NULL);
ALTER TABLE "TRADE_GNNT"."E_TRADE" ADD CHECK ("PRICE" IS NOT NULL);
ALTER TABLE "TRADE_GNNT"."E_TRADE" ADD CHECK ("QUANTITY" IS NOT NULL);
ALTER TABLE "TRADE_GNNT"."E_TRADE" ADD CHECK ("UNIT" IS NOT NULL);
ALTER TABLE "TRADE_GNNT"."E_TRADE" ADD CHECK ("TRADEPRETIME" IS NOT NULL);
ALTER TABLE "TRADE_GNNT"."E_TRADE" ADD CHECK ("TRADEMARGIN_B" IS NOT NULL);
ALTER TABLE "TRADE_GNNT"."E_TRADE" ADD CHECK ("TRADEMARGIN_S" IS NOT NULL);
ALTER TABLE "TRADE_GNNT"."E_TRADE" ADD CHECK ("DELIVERYDAY" IS NOT NULL);
ALTER TABLE "TRADE_GNNT"."E_TRADE" ADD CHECK ("DELIVERYMARGIN_B" IS NOT NULL);
ALTER TABLE "TRADE_GNNT"."E_TRADE" ADD CHECK ("DELIVERYMARGIN_S" IS NOT NULL);
ALTER TABLE "TRADE_GNNT"."E_TRADE" ADD CHECK ("TRADETYPE" IS NOT NULL);
ALTER TABLE "TRADE_GNNT"."E_TRADE" ADD CHECK ("STATUS" IS NOT NULL);
ALTER TABLE "TRADE_GNNT"."E_TRADE" ADD CHECK ("ORDERID" IS NOT NULL);

-- ----------------------------
-- Primary Key structure for table E_TRADE
-- ----------------------------
ALTER TABLE "TRADE_GNNT"."E_TRADE" ADD PRIMARY KEY ("TRADENO");

-- ----------------------------
-- Indexes structure for table E_TRADE_GOODSPROPERTY
-- ----------------------------

-- ----------------------------
-- Checks structure for table E_TRADE_GOODSPROPERTY
-- ----------------------------
ALTER TABLE "TRADE_GNNT"."E_TRADE_GOODSPROPERTY" ADD CHECK ("PROPERTYNAME" IS NOT NULL);
ALTER TABLE "TRADE_GNNT"."E_TRADE_GOODSPROPERTY" ADD CHECK ("TRADENO" IS NOT NULL);
ALTER TABLE "TRADE_GNNT"."E_TRADE_GOODSPROPERTY" ADD CHECK ("PROPERTYTYPEID" IS NOT NULL);

-- ----------------------------
-- Primary Key structure for table E_TRADE_GOODSPROPERTY
-- ----------------------------
ALTER TABLE "TRADE_GNNT"."E_TRADE_GOODSPROPERTY" ADD PRIMARY KEY ("PROPERTYNAME", "TRADENO");

-- ----------------------------
-- Indexes structure for table E_TRADE_GOODSPROPERTY_H
-- ----------------------------

-- ----------------------------
-- Checks structure for table E_TRADE_GOODSPROPERTY_H
-- ----------------------------
ALTER TABLE "TRADE_GNNT"."E_TRADE_GOODSPROPERTY_H" ADD CHECK ("PROPERTYNAME" IS NOT NULL);
ALTER TABLE "TRADE_GNNT"."E_TRADE_GOODSPROPERTY_H" ADD CHECK ("TRADENO" IS NOT NULL);
ALTER TABLE "TRADE_GNNT"."E_TRADE_GOODSPROPERTY_H" ADD CHECK ("PROPERTYTYPEID" IS NOT NULL);

-- ----------------------------
-- Primary Key structure for table E_TRADE_GOODSPROPERTY_H
-- ----------------------------
ALTER TABLE "TRADE_GNNT"."E_TRADE_GOODSPROPERTY_H" ADD PRIMARY KEY ("PROPERTYNAME", "TRADENO");

-- ----------------------------
-- Indexes structure for table E_TRADE_H
-- ----------------------------

-- ----------------------------
-- Checks structure for table E_TRADE_H
-- ----------------------------
ALTER TABLE "TRADE_GNNT"."E_TRADE_H" ADD CHECK ("TRADENO" IS NOT NULL);
ALTER TABLE "TRADE_GNNT"."E_TRADE_H" ADD CHECK ("ORDERTITLE" IS NOT NULL);
ALTER TABLE "TRADE_GNNT"."E_TRADE_H" ADD CHECK ("BREEDID" IS NOT NULL);
ALTER TABLE "TRADE_GNNT"."E_TRADE_H" ADD CHECK ("BFIRMID" IS NOT NULL);
ALTER TABLE "TRADE_GNNT"."E_TRADE_H" ADD CHECK ("SFIRMID" IS NOT NULL);
ALTER TABLE "TRADE_GNNT"."E_TRADE_H" ADD CHECK ("PRICE" IS NOT NULL);
ALTER TABLE "TRADE_GNNT"."E_TRADE_H" ADD CHECK ("QUANTITY" IS NOT NULL);
ALTER TABLE "TRADE_GNNT"."E_TRADE_H" ADD CHECK ("UNIT" IS NOT NULL);
ALTER TABLE "TRADE_GNNT"."E_TRADE_H" ADD CHECK ("TRADEPRETIME" IS NOT NULL);
ALTER TABLE "TRADE_GNNT"."E_TRADE_H" ADD CHECK ("TRADEMARGIN_B" IS NOT NULL);
ALTER TABLE "TRADE_GNNT"."E_TRADE_H" ADD CHECK ("DELIVERYMARGIN_B" IS NOT NULL);
ALTER TABLE "TRADE_GNNT"."E_TRADE_H" ADD CHECK ("TRADEMARGIN_S" IS NOT NULL);
ALTER TABLE "TRADE_GNNT"."E_TRADE_H" ADD CHECK ("DELIVERYMARGIN_S" IS NOT NULL);
ALTER TABLE "TRADE_GNNT"."E_TRADE_H" ADD CHECK ("DELIVERYDAY" IS NOT NULL);
ALTER TABLE "TRADE_GNNT"."E_TRADE_H" ADD CHECK ("TRADETYPE" IS NOT NULL);
ALTER TABLE "TRADE_GNNT"."E_TRADE_H" ADD CHECK ("STATUS" IS NOT NULL);
ALTER TABLE "TRADE_GNNT"."E_TRADE_H" ADD CHECK ("ORDERID" IS NOT NULL);

-- ----------------------------
-- Primary Key structure for table E_TRADE_H
-- ----------------------------
ALTER TABLE "TRADE_GNNT"."E_TRADE_H" ADD PRIMARY KEY ("TRADENO");

-- ----------------------------
-- Indexes structure for table E_TRADEFEE
-- ----------------------------

-- ----------------------------
-- Checks structure for table E_TRADEFEE
-- ----------------------------
ALTER TABLE "TRADE_GNNT"."E_TRADEFEE" ADD CHECK ("TRADEFEEID" IS NOT NULL);
ALTER TABLE "TRADE_GNNT"."E_TRADEFEE" ADD CHECK ("FEEMODE" IS NOT NULL);
ALTER TABLE "TRADE_GNNT"."E_TRADEFEE" ADD CHECK ("RATE" IS NOT NULL);

-- ----------------------------
-- Primary Key structure for table E_TRADEFEE
-- ----------------------------
ALTER TABLE "TRADE_GNNT"."E_TRADEFEE" ADD PRIMARY KEY ("TRADEFEEID");

-- ----------------------------
-- Indexes structure for table E_TRADEPROCESSLOG
-- ----------------------------

-- ----------------------------
-- Checks structure for table E_TRADEPROCESSLOG
-- ----------------------------
ALTER TABLE "TRADE_GNNT"."E_TRADEPROCESSLOG" ADD CHECK ("LOGID" IS NOT NULL);
ALTER TABLE "TRADE_GNNT"."E_TRADEPROCESSLOG" ADD CHECK ("TRADENO" IS NOT NULL);
ALTER TABLE "TRADE_GNNT"."E_TRADEPROCESSLOG" ADD CHECK ("FIRMID" IS NOT NULL);

-- ----------------------------
-- Primary Key structure for table E_TRADEPROCESSLOG
-- ----------------------------
ALTER TABLE "TRADE_GNNT"."E_TRADEPROCESSLOG" ADD PRIMARY KEY ("LOGID");

-- ----------------------------
-- Indexes structure for table E_TRADEPROCESSLOG_H
-- ----------------------------

-- ----------------------------
-- Checks structure for table E_TRADEPROCESSLOG_H
-- ----------------------------
ALTER TABLE "TRADE_GNNT"."E_TRADEPROCESSLOG_H" ADD CHECK ("LOGID" IS NOT NULL);
ALTER TABLE "TRADE_GNNT"."E_TRADEPROCESSLOG_H" ADD CHECK ("TRADENO" IS NOT NULL);
ALTER TABLE "TRADE_GNNT"."E_TRADEPROCESSLOG_H" ADD CHECK ("FIRMID" IS NOT NULL);

-- ----------------------------
-- Primary Key structure for table E_TRADEPROCESSLOG_H
-- ----------------------------
ALTER TABLE "TRADE_GNNT"."E_TRADEPROCESSLOG_H" ADD PRIMARY KEY ("LOGID");

-- ----------------------------
-- Indexes structure for table E_TRADERIGHT
-- ----------------------------

-- ----------------------------
-- Checks structure for table E_TRADERIGHT
-- ----------------------------
ALTER TABLE "TRADE_GNNT"."E_TRADERIGHT" ADD CHECK ("TRADERIGHTID" IS NOT NULL);
ALTER TABLE "TRADE_GNNT"."E_TRADERIGHT" ADD CHECK ("FIRMID" IS NOT NULL);
ALTER TABLE "TRADE_GNNT"."E_TRADERIGHT" ADD CHECK ("BUYORDER" IS NOT NULL);
ALTER TABLE "TRADE_GNNT"."E_TRADERIGHT" ADD CHECK ("SELLORDER" IS NOT NULL);
ALTER TABLE "TRADE_GNNT"."E_TRADERIGHT" ADD CHECK ("BUYPICK" IS NOT NULL);
ALTER TABLE "TRADE_GNNT"."E_TRADERIGHT" ADD CHECK ("SELLPICK" IS NOT NULL);
ALTER TABLE "TRADE_GNNT"."E_TRADERIGHT" ADD CHECK ("ISPICKOFF" IS NOT NULL);
ALTER TABLE "TRADE_GNNT"."E_TRADERIGHT" ADD CHECK ("BUYORDERAUDIT" IS NOT NULL);
ALTER TABLE "TRADE_GNNT"."E_TRADERIGHT" ADD CHECK ("SELLORDERAUDIT" IS NOT NULL);
ALTER TABLE "TRADE_GNNT"."E_TRADERIGHT" ADD CHECK ("SELLPLEDGEAUDIT" IS NOT NULL);

-- ----------------------------
-- Primary Key structure for table E_TRADERIGHT
-- ----------------------------
ALTER TABLE "TRADE_GNNT"."E_TRADERIGHT" ADD PRIMARY KEY ("TRADERIGHTID");

-- ----------------------------
-- Indexes structure for table E_TRADETIME
-- ----------------------------

-- ----------------------------
-- Checks structure for table E_TRADETIME
-- ----------------------------
ALTER TABLE "TRADE_GNNT"."E_TRADETIME" ADD CHECK ("ID" IS NOT NULL);
ALTER TABLE "TRADE_GNNT"."E_TRADETIME" ADD CHECK ("TRADESTARTTIME" IS NOT NULL);
ALTER TABLE "TRADE_GNNT"."E_TRADETIME" ADD CHECK ("TRADEENDTIME" IS NOT NULL);

-- ----------------------------
-- Primary Key structure for table E_TRADETIME
-- ----------------------------
ALTER TABLE "TRADE_GNNT"."E_TRADETIME" ADD PRIMARY KEY ("ID");

-- ----------------------------
-- Indexes structure for table E_TRADETIME_RT
-- ----------------------------

-- ----------------------------
-- Checks structure for table E_TRADETIME_RT
-- ----------------------------
ALTER TABLE "TRADE_GNNT"."E_TRADETIME_RT" ADD CHECK ("ID" IS NOT NULL);
ALTER TABLE "TRADE_GNNT"."E_TRADETIME_RT" ADD CHECK ("TRADESTARTTIME" IS NOT NULL);
ALTER TABLE "TRADE_GNNT"."E_TRADETIME_RT" ADD CHECK ("TRADEENDTIME" IS NOT NULL);

-- ----------------------------
-- Primary Key structure for table E_TRADETIME_RT
-- ----------------------------
ALTER TABLE "TRADE_GNNT"."E_TRADETIME_RT" ADD PRIMARY KEY ("ID");

-- ----------------------------
-- Foreign Key structure for table "TRADE_GNNT"."E_FIRMINFO"
-- ----------------------------
ALTER TABLE "TRADE_GNNT"."E_FIRMINFO" ADD FOREIGN KEY ("FIRMID") REFERENCES "TRADE_GNNT"."E_FIRM" ("FIRMID");

-- ----------------------------
-- Foreign Key structure for table "TRADE_GNNT"."E_FUNDS"
-- ----------------------------
ALTER TABLE "TRADE_GNNT"."E_FUNDS" ADD FOREIGN KEY ("FIRMID") REFERENCES "TRADE_GNNT"."E_FIRM" ("FIRMID");

-- ----------------------------
-- Foreign Key structure for table "TRADE_GNNT"."E_GOODSPROPERTY"
-- ----------------------------
ALTER TABLE "TRADE_GNNT"."E_GOODSPROPERTY" ADD FOREIGN KEY ("ORDERID") REFERENCES "TRADE_GNNT"."E_ORDER" ("ORDERID");

-- ----------------------------
-- Foreign Key structure for table "TRADE_GNNT"."E_GOODSRESOURCEPROPERTY"
-- ----------------------------
ALTER TABLE "TRADE_GNNT"."E_GOODSRESOURCEPROPERTY" ADD FOREIGN KEY ("RESOURCEID") REFERENCES "TRADE_GNNT"."E_GOODSRESOURCE" ("RESOURCEID");

-- ----------------------------
-- Foreign Key structure for table "TRADE_GNNT"."E_GOODSTEMPLATEPROPERTY"
-- ----------------------------
ALTER TABLE "TRADE_GNNT"."E_GOODSTEMPLATEPROPERTY" ADD FOREIGN KEY ("TEMPLATEID") REFERENCES "TRADE_GNNT"."E_GOODSTEMPLATE" ("TEMPLATEID");

-- ----------------------------
-- Foreign Key structure for table "TRADE_GNNT"."E_HOLDING"
-- ----------------------------
ALTER TABLE "TRADE_GNNT"."E_HOLDING" ADD FOREIGN KEY ("TRADENO") REFERENCES "TRADE_GNNT"."E_TRADE" ("TRADENO");

-- ----------------------------
-- Foreign Key structure for table "TRADE_GNNT"."E_RECOMMENDSHOP"
-- ----------------------------
ALTER TABLE "TRADE_GNNT"."E_RECOMMENDSHOP" ADD FOREIGN KEY ("FIRMID") REFERENCES "TRADE_GNNT"."E_FIRM" ("FIRMID");

-- ----------------------------
-- Foreign Key structure for table "TRADE_GNNT"."E_RESERVE"
-- ----------------------------
ALTER TABLE "TRADE_GNNT"."E_RESERVE" ADD FOREIGN KEY ("TRADENO") REFERENCES "TRADE_GNNT"."E_TRADE" ("TRADENO");

-- ----------------------------
-- Foreign Key structure for table "TRADE_GNNT"."E_SHOP"
-- ----------------------------
ALTER TABLE "TRADE_GNNT"."E_SHOP" ADD FOREIGN KEY ("FIRMID") REFERENCES "TRADE_GNNT"."E_FIRM" ("FIRMID");

-- ----------------------------
-- Foreign Key structure for table "TRADE_GNNT"."E_SUBORDER"
-- ----------------------------
ALTER TABLE "TRADE_GNNT"."E_SUBORDER" ADD FOREIGN KEY ("ORDERID") REFERENCES "TRADE_GNNT"."E_ORDER" ("ORDERID");

-- ----------------------------
-- Foreign Key structure for table "TRADE_GNNT"."E_TRADE_GOODSPROPERTY"
-- ----------------------------
ALTER TABLE "TRADE_GNNT"."E_TRADE_GOODSPROPERTY" ADD FOREIGN KEY ("TRADENO") REFERENCES "TRADE_GNNT"."E_TRADE" ("TRADENO");
